colour	y	x	group	showSelected1	PANEL
#F8766D	0.824425092122423	1	1	subtrain	1
#F8766D	0.744223736664958	2	1	subtrain	1
#F8766D	0.688202388234628	3	1	subtrain	1
#F8766D	0.649890515657033	4	1	subtrain	1
#F8766D	0.62390523145213	5	1	subtrain	1
#F8766D	0.606234247295616	6	1	subtrain	1
#F8766D	0.594077730863002	7	1	subtrain	1
#F8766D	0.58555335894142	8	1	subtrain	1
#F8766D	0.579419526371447	9	1	subtrain	1
#F8766D	0.574863762298636	10	1	subtrain	1
#F8766D	0.571355231440441	11	1	subtrain	1
#F8766D	0.568546418764055	12	1	subtrain	1
#F8766D	0.566208961868653	13	1	subtrain	1
#F8766D	0.564192114097998	14	1	subtrain	1
#F8766D	0.56239589018464	15	1	subtrain	1
#F8766D	0.560753660919228	16	1	subtrain	1
#F8766D	0.559220822794094	17	1	subtrain	1
#F8766D	0.557767384377417	18	1	subtrain	1
#F8766D	0.556373089875638	19	1	subtrain	1
#F8766D	0.555024195339368	20	1	subtrain	1
#F8766D	0.55371132747742	21	1	subtrain	1
#F8766D	0.552428055551348	22	1	subtrain	1
#F8766D	0.551169935340046	23	1	subtrain	1
#F8766D	0.549933867055382	24	1	subtrain	1
#F8766D	0.548717662901152	25	1	subtrain	1
#F8766D	0.547519755122071	26	1	subtrain	1
#F8766D	0.546338998491781	27	1	subtrain	1
#F8766D	0.545174536453053	28	1	subtrain	1
#F8766D	0.544025710257786	29	1	subtrain	1
#F8766D	0.54289199721179	30	1	subtrain	1
#F8766D	0.541772968652017	31	1	subtrain	1
#F8766D	0.54066826132068	32	1	subtrain	1
#F8766D	0.539577557845597	33	1	subtrain	1
#F8766D	0.538500573416346	34	1	subtrain	1
#F8766D	0.537437046679446	35	1	subtrain	1
#F8766D	0.536386733508364	36	1	subtrain	1
#F8766D	0.535349402733464	37	1	subtrain	1
#F8766D	0.534324833208716	38	1	subtrain	1
#F8766D	0.533312811790409	39	1	subtrain	1
#F8766D	0.532313131938222	40	1	subtrain	1
#F8766D	0.531325592741072	41	1	subtrain	1
#F8766D	0.530349998232897	42	1	subtrain	1
#F8766D	0.529386156906387	43	1	subtrain	1
#F8766D	0.528433881361874	44	1	subtrain	1
#F8766D	0.527492988048528	45	1	subtrain	1
#F8766D	0.526563297068665	46	1	subtrain	1
#F8766D	0.525644632025225	47	1	subtrain	1
#F8766D	0.52473681989885	48	1	subtrain	1
#F8766D	0.523839690945334	49	1	subtrain	1
#F8766D	0.52295307860714	50	1	subtrain	1
#F8766D	0.522076819434744	51	1	subtrain	1
#F8766D	0.521210753014879	52	1	subtrain	1
#F8766D	0.520354721903757	53	1	subtrain	1
#F8766D	0.51950857156391	54	1	subtrain	1
#F8766D	0.518672150303796	55	1	subtrain	1
#F8766D	0.517845309219532	56	1	subtrain	1
#F8766D	0.517027902138391	57	1	subtrain	1
#F8766D	0.516219785563766	58	1	subtrain	1
#F8766D	0.51542081862143	59	1	subtrain	1
#F8766D	0.514630863006986	60	1	subtrain	1
#F8766D	0.513849782934393	61	1	subtrain	1
#F8766D	0.513077445085556	62	1	subtrain	1
#F8766D	0.512313718560901	63	1	subtrain	1
#F8766D	0.511558474830934	64	1	subtrain	1
#F8766D	0.510811587688748	65	1	subtrain	1
#F8766D	0.510072933203477	66	1	subtrain	1
#F8766D	0.509342389674659	67	1	subtrain	1
#F8766D	0.508619837587512	68	1	subtrain	1
#F8766D	0.507905159569111	69	1	subtrain	1
#F8766D	0.507198240345439	70	1	subtrain	1
#F8766D	0.506498966699315	71	1	subtrain	1
#F8766D	0.505807227429167	72	1	subtrain	1
#F8766D	0.505122913308665	73	1	subtrain	1
#F8766D	0.504445917047169	74	1	subtrain	1
#F8766D	0.503776133251001	75	1	subtrain	1
#F8766D	0.503113458385514	76	1	subtrain	1
#F8766D	0.502457790737956	77	1	subtrain	1
#F8766D	0.501809030381101	78	1	subtrain	1
#F8766D	0.501167079137647	79	1	subtrain	1
#F8766D	0.500531840545352	80	1	subtrain	1
#F8766D	0.499903219822909	81	1	subtrain	1
#F8766D	0.499281123836533	82	1	subtrain	1
#F8766D	0.498665461067261	83	1	subtrain	1
#F8766D	0.498056141578926	84	1	subtrain	1
#F8766D	0.497453076986827	85	1	subtrain	1
#F8766D	0.496856180427046	86	1	subtrain	1
#F8766D	0.49626536652642	87	1	subtrain	1
#F8766D	0.495680551373152	88	1	subtrain	1
#F8766D	0.495101652488039	89	1	subtrain	1
#F8766D	0.494528588796318	90	1	subtrain	1
#F8766D	0.493961280600096	91	1	subtrain	1
#F8766D	0.493399649551381	92	1	subtrain	1
#F8766D	0.492843618625676	93	1	subtrain	1
#F8766D	0.492293112096129	94	1	subtrain	1
#F8766D	0.491748055508248	95	1	subtrain	1
#F8766D	0.491208375655133	96	1	subtrain	1
#F8766D	0.490674000553248	97	1	subtrain	1
#F8766D	0.490144859418698	98	1	subtrain	1
#F8766D	0.489620882644015	99	1	subtrain	1
#F8766D	0.489102001775434	100	1	subtrain	1
#F8766D	0.488588149490647	101	1	subtrain	1
#F8766D	0.488079259577034	102	1	subtrain	1
#F8766D	0.487575266910348	103	1	subtrain	1
#F8766D	0.487076107433858	104	1	subtrain	1
#F8766D	0.486581718137925	105	1	subtrain	1
#F8766D	0.486092037040017	106	1	subtrain	1
#F8766D	0.485607003165137	107	1	subtrain	1
#F8766D	0.485126556526673	108	1	subtrain	1
#F8766D	0.484650638107642	109	1	subtrain	1
#F8766D	0.484179189842336	110	1	subtrain	1
#F8766D	0.483712154598348	111	1	subtrain	1
#F8766D	0.483249476158978	112	1	subtrain	1
#F8766D	0.482791099206012	113	1	subtrain	1
#F8766D	0.482336969302849	114	1	subtrain	1
#F8766D	0.481887032877998	115	1	subtrain	1
#F8766D	0.481441237208905	116	1	subtrain	1
#F8766D	0.480999530406126	117	1	subtrain	1
#F8766D	0.480561861397827	118	1	subtrain	1
#F8766D	0.480128179914606	119	1	subtrain	1
#F8766D	0.479698436474633	120	1	subtrain	1
#F8766D	0.479272582369094	121	1	subtrain	1
#F8766D	0.478850569647941	122	1	subtrain	1
#F8766D	0.478432351105935	123	1	subtrain	1
#F8766D	0.478017880268977	124	1	subtrain	1
#F8766D	0.477607111380722	125	1	subtrain	1
#F8766D	0.477199999389467	126	1	subtrain	1
#F8766D	0.476796499935311	127	1	subtrain	1
#F8766D	0.476396569337575	128	1	subtrain	1
#F8766D	0.476000164582487	129	1	subtrain	1
#F8766D	0.475607243311108	130	1	subtrain	1
#F8766D	0.475217763807516	131	1	subtrain	1
#F8766D	0.474831684987225	132	1	subtrain	1
#F8766D	0.474448966385837	133	1	subtrain	1
#F8766D	0.474069568147934	134	1	subtrain	1
#F8766D	0.473693451016184	135	1	subtrain	1
#F8766D	0.473320576320678	136	1	subtrain	1
#F8766D	0.472950905968475	137	1	subtrain	1
#F8766D	0.472584402433363	138	1	subtrain	1
#F8766D	0.472221028745821	139	1	subtrain	1
#F8766D	0.47186074848319	140	1	subtrain	1
#F8766D	0.471503525760033	141	1	subtrain	1
#F8766D	0.471149325218696	142	1	subtrain	1
#F8766D	0.470798112020051	143	1	subtrain	1
#F8766D	0.470449851834429	144	1	subtrain	1
#F8766D	0.470104510832728	145	1	subtrain	1
#F8766D	0.469762055677705	146	1	subtrain	1
#F8766D	0.469422453515434	147	1	subtrain	1
#F8766D	0.469085671966938	148	1	subtrain	1
#F8766D	0.468751679119979	149	1	subtrain	1
#F8766D	0.468420443521024	150	1	subtrain	1
#F8766D	0.46809193416735	151	1	subtrain	1
#F8766D	0.467766120499323	152	1	subtrain	1
#F8766D	0.467442972392815	153	1	subtrain	1
#F8766D	0.467122460151773	154	1	subtrain	1
#F8766D	0.466804554500937	155	1	subtrain	1
#F8766D	0.466489226578697	156	1	subtrain	1
#F8766D	0.466176447930084	157	1	subtrain	1
#F8766D	0.465866190499908	158	1	subtrain	1
#F8766D	0.465558426626019	159	1	subtrain	1
#F8766D	0.4652531290327	160	1	subtrain	1
#F8766D	0.464950270824193	161	1	subtrain	1
#F8766D	0.464649825478344	162	1	subtrain	1
#F8766D	0.464351766840372	163	1	subtrain	1
#F8766D	0.464056069116755	164	1	subtrain	1
#F8766D	0.463762706869237	165	1	subtrain	1
#F8766D	0.463471655008947	166	1	subtrain	1
#F8766D	0.463182888790629	167	1	subtrain	1
#F8766D	0.462896383806984	168	1	subtrain	1
#F8766D	0.462612115983117	169	1	subtrain	1
#F8766D	0.462330061571091	170	1	subtrain	1
#F8766D	0.462050197144581	171	1	subtrain	1
#F8766D	0.461772499593632	172	1	subtrain	1
#F8766D	0.461496946119512	173	1	subtrain	1
#F8766D	0.461223514229666	174	1	subtrain	1
#F8766D	0.46095218173276	175	1	subtrain	1
#F8766D	0.46068292673382	176	1	subtrain	1
#F8766D	0.460415727629458	177	1	subtrain	1
#F8766D	0.460150563103196	178	1	subtrain	1
#F8766D	0.459887412120861	179	1	subtrain	1
#F8766D	0.459626253926083	180	1	subtrain	1
#F8766D	0.459367068035863	181	1	subtrain	1
#F8766D	0.459109834236227	182	1	subtrain	1
#F8766D	0.458854532577962	183	1	subtrain	1
#F8766D	0.458601143372427	184	1	subtrain	1
#F8766D	0.458349647187442	185	1	subtrain	1
#F8766D	0.458100024843252	186	1	subtrain	1
#F8766D	0.457852257408563	187	1	subtrain	1
#F8766D	0.457606326196654	188	1	subtrain	1
#F8766D	0.457362212761557	189	1	subtrain	1
#F8766D	0.457119898894301	190	1	subtrain	1
#F8766D	0.456879366619237	191	1	subtrain	1
#F8766D	0.456640598190412	192	1	subtrain	1
#F8766D	0.456403576088025	193	1	subtrain	1
#F8766D	0.456168283014936	194	1	subtrain	1
#F8766D	0.455934701893237	195	1	subtrain	1
#F8766D	0.455702815860894	196	1	subtrain	1
#F8766D	0.455472608268435	197	1	subtrain	1
#F8766D	0.455244062675709	198	1	subtrain	1
#F8766D	0.455017162848699	199	1	subtrain	1
#F8766D	0.454791892756382	200	1	subtrain	1
#F8766D	0.454568236567661	201	1	subtrain	1
#F8766D	0.45434617864834	202	1	subtrain	1
#F8766D	0.454125703558149	203	1	subtrain	1
#F8766D	0.453906796047837	204	1	subtrain	1
#F8766D	0.453689441056295	205	1	subtrain	1
#F8766D	0.453473623707747	206	1	subtrain	1
#F8766D	0.453259329308981	207	1	subtrain	1
#F8766D	0.453046543346626	208	1	subtrain	1
#F8766D	0.452835251484487	209	1	subtrain	1
#F8766D	0.452625439560913	210	1	subtrain	1
#F8766D	0.452417093586217	211	1	subtrain	1
#F8766D	0.452210199740147	212	1	subtrain	1
#F8766D	0.452004744369382	213	1	subtrain	1
#F8766D	0.451800713985093	214	1	subtrain	1
#F8766D	0.451598095260528	215	1	subtrain	1
#F8766D	0.451396875028647	216	1	subtrain	1
#F8766D	0.451197040279799	217	1	subtrain	1
#F8766D	0.45099857815943	218	1	subtrain	1
#F8766D	0.450801475965836	219	1	subtrain	1
#F8766D	0.450605721147955	220	1	subtrain	1
#F8766D	0.450411301303193	221	1	subtrain	1
#F8766D	0.450218204175286	222	1	subtrain	1
#F8766D	0.450026417652201	223	1	subtrain	1
#F8766D	0.449835929764071	224	1	subtrain	1
#F8766D	0.449646728681163	225	1	subtrain	1
#F8766D	0.449458802711884	226	1	subtrain	1
#F8766D	0.449272140300812	227	1	subtrain	1
#F8766D	0.44908673002677	228	1	subtrain	1
#F8766D	0.448902560600925	229	1	subtrain	1
#F8766D	0.448719620864921	230	1	subtrain	1
#F8766D	0.44853789978904	231	1	subtrain	1
#F8766D	0.4483573864704	232	1	subtrain	1
#F8766D	0.448178070131172	233	1	subtrain	1
#F8766D	0.447999940116837	234	1	subtrain	1
#F8766D	0.447822985894464	235	1	subtrain	1
#F8766D	0.447647197051023	236	1	subtrain	1
#F8766D	0.447472563291714	237	1	subtrain	1
#F8766D	0.447299074438337	238	1	subtrain	1
#F8766D	0.44712672042768	239	1	subtrain	1
#F8766D	0.446955491309933	240	1	subtrain	1
#F8766D	0.446785377247131	241	1	subtrain	1
#F8766D	0.44661636851162	242	1	subtrain	1
#F8766D	0.446448455484551	243	1	subtrain	1
#F8766D	0.446281628654389	244	1	subtrain	1
#F8766D	0.446115878615458	245	1	subtrain	1
#F8766D	0.445951196066502	246	1	subtrain	1
#F8766D	0.445787571809268	247	1	subtrain	1
#F8766D	0.445624996747116	248	1	subtrain	1
#F8766D	0.445463461883648	249	1	subtrain	1
#F8766D	0.445302958321359	250	1	subtrain	1
#F8766D	0.445143477260311	251	1	subtrain	1
#F8766D	0.444985009996825	252	1	subtrain	1
#F8766D	0.444827547922196	253	1	subtrain	1
#F8766D	0.444671082521429	254	1	subtrain	1
#F8766D	0.444515605371989	255	1	subtrain	1
#F8766D	0.444361108142578	256	1	subtrain	1
#F8766D	0.444207582591926	257	1	subtrain	1
#F8766D	0.444055020567604	258	1	subtrain	1
#F8766D	0.443903414004852	259	1	subtrain	1
#F8766D	0.443752754925426	260	1	subtrain	1
#F8766D	0.443603035436468	261	1	subtrain	1
#F8766D	0.443454247729384	262	1	subtrain	1
#F8766D	0.443306384078747	263	1	subtrain	1
#F8766D	0.443159436841217	264	1	subtrain	1
#F8766D	0.443013398454467	265	1	subtrain	1
#F8766D	0.44286826143614	266	1	subtrain	1
#F8766D	0.442724018382812	267	1	subtrain	1
#F8766D	0.442580661968974	268	1	subtrain	1
#F8766D	0.442438184946031	269	1	subtrain	1
#F8766D	0.442296580141311	270	1	subtrain	1
#F8766D	0.442155840457094	271	1	subtrain	1
#F8766D	0.442015958869655	272	1	subtrain	1
#F8766D	0.441876928428318	273	1	subtrain	1
#F8766D	0.441738742254529	274	1	subtrain	1
#F8766D	0.441601393540939	275	1	subtrain	1
#F8766D	0.441464875550499	276	1	subtrain	1
#F8766D	0.44132918161558	277	1	subtrain	1
#F8766D	0.441194305137087	278	1	subtrain	1
#F8766D	0.441060239583605	279	1	subtrain	1
#F8766D	0.440926978490547	280	1	subtrain	1
#F8766D	0.440794515459313	281	1	subtrain	1
#F8766D	0.440662844156472	282	1	subtrain	1
#F8766D	0.440531958312946	283	1	subtrain	1
#F8766D	0.440401851723209	284	1	subtrain	1
#F8766D	0.4402725182445	285	1	subtrain	1
#F8766D	0.440143951796042	286	1	subtrain	1
#F8766D	0.440016146358281	287	1	subtrain	1
#F8766D	0.43988909597213	288	1	subtrain	1
#F8766D	0.43976279473822	289	1	subtrain	1
#F8766D	0.439637236816175	290	1	subtrain	1
#F8766D	0.439512416423884	291	1	subtrain	1
#F8766D	0.439388327836789	292	1	subtrain	1
#F8766D	0.439264965387186	293	1	subtrain	1
#F8766D	0.439142323463532	294	1	subtrain	1
#F8766D	0.439020396509764	295	1	subtrain	1
#F8766D	0.438899179024624	296	1	subtrain	1
#F8766D	0.438778665561001	297	1	subtrain	1
#F8766D	0.438658850725274	298	1	subtrain	1
#F8766D	0.438539729176672	299	1	subtrain	1
#F8766D	0.438421295626636	300	1	subtrain	1
#F8766D	0.438303544838195	301	1	subtrain	1
#F8766D	0.438186471625351	302	1	subtrain	1
#F8766D	0.438070070852467	303	1	subtrain	1
#F8766D	0.437954337433672	304	1	subtrain	1
#F8766D	0.437839266332266	305	1	subtrain	1
#F8766D	0.437724852560141	306	1	subtrain	1
#F8766D	0.437611091177202	307	1	subtrain	1
#F8766D	0.437497977290805	308	1	subtrain	1
#F8766D	0.437385506055196	309	1	subtrain	1
#F8766D	0.437273672670958	310	1	subtrain	1
#F8766D	0.437162472384472	311	1	subtrain	1
#F8766D	0.437051900487379	312	1	subtrain	1
#F8766D	0.436941952316052	313	1	subtrain	1
#F8766D	0.436832623251074	314	1	subtrain	1
#F8766D	0.436723908716725	315	1	subtrain	1
#F8766D	0.436615804180476	316	1	subtrain	1
#F8766D	0.436508305152487	317	1	subtrain	1
#F8766D	0.436401407185116	318	1	subtrain	1
#F8766D	0.43629510587243	319	1	subtrain	1
#F8766D	0.43618939684973	320	1	subtrain	1
#F8766D	0.436084275793072	321	1	subtrain	1
#F8766D	0.435979738418804	322	1	subtrain	1
#F8766D	0.435875780483106	323	1	subtrain	1
#F8766D	0.435772397781532	324	1	subtrain	1
#F8766D	0.435669586148567	325	1	subtrain	1
#F8766D	0.435567341457178	326	1	subtrain	1
#F8766D	0.435465659618386	327	1	subtrain	1
#F8766D	0.43536453658083	328	1	subtrain	1
#F8766D	0.435263968330345	329	1	subtrain	1
#F8766D	0.435163950889541	330	1	subtrain	1
#F8766D	0.435064480317392	331	1	subtrain	1
#F8766D	0.434965552708827	332	1	subtrain	1
#F8766D	0.434867164194327	333	1	subtrain	1
#F8766D	0.434769310939529	334	1	subtrain	1
#F8766D	0.434671989144835	335	1	subtrain	1
#F8766D	0.434575195045022	336	1	subtrain	1
#F8766D	0.434478924908866	337	1	subtrain	1
#F8766D	0.434383175038758	338	1	subtrain	1
#F8766D	0.434287941770338	339	1	subtrain	1
#F8766D	0.434193221472129	340	1	subtrain	1
#F8766D	0.434099010545169	341	1	subtrain	1
#F8766D	0.434005305422659	342	1	subtrain	1
#F8766D	0.43391210256961	343	1	subtrain	1
#F8766D	0.433819398482492	344	1	subtrain	1
#F8766D	0.433727189688892	345	1	subtrain	1
#F8766D	0.433635472747177	346	1	subtrain	1
#F8766D	0.433544244246156	347	1	subtrain	1
#F8766D	0.433453500804751	348	1	subtrain	1
#F8766D	0.433363239071671	349	1	subtrain	1
#F8766D	0.433273455725091	350	1	subtrain	1
#F8766D	0.433184147472331	351	1	subtrain	1
#F8766D	0.433095311049546	352	1	subtrain	1
#F8766D	0.433006943221414	353	1	subtrain	1
#F8766D	0.432919040780828	354	1	subtrain	1
#F8766D	0.432831600548602	355	1	subtrain	1
#F8766D	0.432744619373161	356	1	subtrain	1
#F8766D	0.432658094130259	357	1	subtrain	1
#F8766D	0.432572021722679	358	1	subtrain	1
#F8766D	0.432486399079949	359	1	subtrain	1
#F8766D	0.432401223158062	360	1	subtrain	1
#F8766D	0.43231649093919	361	1	subtrain	1
#F8766D	0.432232199431414	362	1	subtrain	1
#F8766D	0.432148345668445	363	1	subtrain	1
#F8766D	0.43206492670936	364	1	subtrain	1
#F8766D	0.431981939638333	365	1	subtrain	1
#F8766D	0.431899381564371	366	1	subtrain	1
#F8766D	0.431817249621059	367	1	subtrain	1
#F8766D	0.431735540966299	368	1	subtrain	1
#F8766D	0.43165425278206	369	1	subtrain	1
#F8766D	0.431573382274124	370	1	subtrain	1
#F8766D	0.431492926671845	371	1	subtrain	1
#F8766D	0.431412883227901	372	1	subtrain	1
#F8766D	0.431333249218053	373	1	subtrain	1
#F8766D	0.431254021940909	374	1	subtrain	1
#F8766D	0.431175198717687	375	1	subtrain	1
#F8766D	0.431096776891985	376	1	subtrain	1
#F8766D	0.431018753829549	377	1	subtrain	1
#F8766D	0.430941126918049	378	1	subtrain	1
#F8766D	0.430863893566853	379	1	subtrain	1
#F8766D	0.430787051206809	380	1	subtrain	1
#F8766D	0.430710597290021	381	1	subtrain	1
#F8766D	0.43063452928964	382	1	subtrain	1
#F8766D	0.430558844699646	383	1	subtrain	1
#F8766D	0.430483541034638	384	1	subtrain	1
#F8766D	0.430408615829628	385	1	subtrain	1
#F8766D	0.430334066639833	386	1	subtrain	1
#F8766D	0.430259891040474	387	1	subtrain	1
#F8766D	0.430186086626574	388	1	subtrain	1
#F8766D	0.430112651012759	389	1	subtrain	1
#F8766D	0.430039581833063	390	1	subtrain	1
#F8766D	0.429966876740734	391	1	subtrain	1
#F8766D	0.429894533408044	392	1	subtrain	1
#F8766D	0.429822549526096	393	1	subtrain	1
#F8766D	0.429750922804643	394	1	subtrain	1
#F8766D	0.429679650971897	395	1	subtrain	1
#F8766D	0.429608731774353	396	1	subtrain	1
#F8766D	0.4295381629766	397	1	subtrain	1
#F8766D	0.429467942361154	398	1	subtrain	1
#F8766D	0.42939806772827	399	1	subtrain	1
#F8766D	0.429328536895778	400	1	subtrain	1
#F8766D	0.429259347698904	401	1	subtrain	1
#F8766D	0.429190497990104	402	1	subtrain	1
#F8766D	0.429121985638892	403	1	subtrain	1
#F8766D	0.429053808531678	404	1	subtrain	1
#F8766D	0.428985964571602	405	1	subtrain	1
#F8766D	0.42891845167837	406	1	subtrain	1
#F8766D	0.428851267788096	407	1	subtrain	1
#F8766D	0.428784410853142	408	1	subtrain	1
#F8766D	0.428717878841963	409	1	subtrain	1
#F8766D	0.428651669738948	410	1	subtrain	1
#F8766D	0.42858578154427	411	1	subtrain	1
#F8766D	0.428520212273736	412	1	subtrain	1
#F8766D	0.428454959958633	413	1	subtrain	1
#F8766D	0.428390022645581	414	1	subtrain	1
#F8766D	0.42832539839639	415	1	subtrain	1
#F8766D	0.428261085287911	416	1	subtrain	1
#F8766D	0.428197081411895	417	1	subtrain	1
#F8766D	0.428133384874853	418	1	subtrain	1
#F8766D	0.428069993797912	419	1	subtrain	1
#F8766D	0.428006906316679	420	1	subtrain	1
#F8766D	0.427944120581108	421	1	subtrain	1
#F8766D	0.427881634755356	422	1	subtrain	1
#F8766D	0.427819447017658	423	1	subtrain	1
#F8766D	0.42775755556019	424	1	subtrain	1
#F8766D	0.427695958588939	425	1	subtrain	1
#F8766D	0.427634654323576	426	1	subtrain	1
#F8766D	0.427573640997323	427	1	subtrain	1
#F8766D	0.427512916856833	428	1	subtrain	1
#F8766D	0.42745248016206	429	1	subtrain	1
#F8766D	0.42739232918614	430	1	subtrain	1
#F8766D	0.427332462215262	431	1	subtrain	1
#F8766D	0.427272877548554	432	1	subtrain	1
#F8766D	0.42721357349796	433	1	subtrain	1
#F8766D	0.42715454838812	434	1	subtrain	1
#F8766D	0.427095800556259	435	1	subtrain	1
#F8766D	0.427037328352064	436	1	subtrain	1
#F8766D	0.426979130137575	437	1	subtrain	1
#F8766D	0.426921204287068	438	1	subtrain	1
#F8766D	0.426863549186948	439	1	subtrain	1
#F8766D	0.426806163235633	440	1	subtrain	1
#F8766D	0.426749044843445	441	1	subtrain	1
#F8766D	0.426692192432507	442	1	subtrain	1
#F8766D	0.42663560443663	443	1	subtrain	1
#F8766D	0.426579279301208	444	1	subtrain	1
#F8766D	0.426523215483117	445	1	subtrain	1
#F8766D	0.426467411450606	446	1	subtrain	1
#F8766D	0.426411865683196	447	1	subtrain	1
#F8766D	0.426356576671583	448	1	subtrain	1
#F8766D	0.42630154291753	449	1	subtrain	1
#F8766D	0.426246762933773	450	1	subtrain	1
#F8766D	0.426192235243921	451	1	subtrain	1
#F8766D	0.426137958382359	452	1	subtrain	1
#F8766D	0.426083930894149	453	1	subtrain	1
#F8766D	0.426030151334942	454	1	subtrain	1
#F8766D	0.425976618270876	455	1	subtrain	1
#F8766D	0.425923330278485	456	1	subtrain	1
#F8766D	0.42587028594461	457	1	subtrain	1
#F8766D	0.425817483866303	458	1	subtrain	1
#F8766D	0.425764922650743	459	1	subtrain	1
#F8766D	0.425712600915138	460	1	subtrain	1
#F8766D	0.425660517286645	461	1	subtrain	1
#F8766D	0.425608670402276	462	1	subtrain	1
#F8766D	0.425557058908816	463	1	subtrain	1
#F8766D	0.425505681462736	464	1	subtrain	1
#F8766D	0.425454536730107	465	1	subtrain	1
#F8766D	0.425403623386515	466	1	subtrain	1
#F8766D	0.425352940116985	467	1	subtrain	1
#F8766D	0.425302485615888	468	1	subtrain	1
#F8766D	0.42525225858687	469	1	subtrain	1
#F8766D	0.425202257742763	470	1	subtrain	1
#F8766D	0.425152481805512	471	1	subtrain	1
#F8766D	0.425102929506094	472	1	subtrain	1
#F8766D	0.425053599584437	473	1	subtrain	1
#F8766D	0.425004490789347	474	1	subtrain	1
#F8766D	0.424955601878429	475	1	subtrain	1
#F8766D	0.424906931618013	476	1	subtrain	1
#F8766D	0.424858478783078	477	1	subtrain	1
#F8766D	0.424810242157177	478	1	subtrain	1
#F8766D	0.424762220532368	479	1	subtrain	1
#F8766D	0.424714412709135	480	1	subtrain	1
#F8766D	0.424666817496321	481	1	subtrain	1
#F8766D	0.424619433711055	482	1	subtrain	1
#F8766D	0.424572260178682	483	1	subtrain	1
#F8766D	0.424525295732693	484	1	subtrain	1
#F8766D	0.424478539214657	485	1	subtrain	1
#F8766D	0.42443198947415	486	1	subtrain	1
#F8766D	0.424385645368691	487	1	subtrain	1
#F8766D	0.424339505763672	488	1	subtrain	1
#F8766D	0.424293569532295	489	1	subtrain	1
#F8766D	0.424247835555501	490	1	subtrain	1
#F8766D	0.424202302721912	491	1	subtrain	1
#F8766D	0.424156969927761	492	1	subtrain	1
#F8766D	0.424111836076832	493	1	subtrain	1
#F8766D	0.424066900080392	494	1	subtrain	1
#F8766D	0.424022160857137	495	1	subtrain	1
#F8766D	0.423977617333122	496	1	subtrain	1
#F8766D	0.423933268441704	497	1	subtrain	1
#F8766D	0.423889113123479	498	1	subtrain	1
#F8766D	0.423845150326226	499	1	subtrain	1
#F8766D	0.423801379004844	500	1	subtrain	1
#F8766D	0.423757798121293	501	1	subtrain	1
#F8766D	0.423714406644538	502	1	subtrain	1
#F8766D	0.423671203550493	503	1	subtrain	1
#F8766D	0.423628187821956	504	1	subtrain	1
#F8766D	0.423585358448563	505	1	subtrain	1
#F8766D	0.423542714426723	506	1	subtrain	1
#F8766D	0.423500254759569	507	1	subtrain	1
#F8766D	0.423457978456898	508	1	subtrain	1
#F8766D	0.423415884535122	509	1	subtrain	1
#F8766D	0.423373972017208	510	1	subtrain	1
#F8766D	0.423332239932631	511	1	subtrain	1
#F8766D	0.423290687317316	512	1	subtrain	1
#F8766D	0.423249313213588	513	1	subtrain	1
#F8766D	0.423208116670121	514	1	subtrain	1
#F8766D	0.423167096741886	515	1	subtrain	1
#F8766D	0.423126252490098	516	1	subtrain	1
#F8766D	0.42308558298217	517	1	subtrain	1
#F8766D	0.423045087291658	518	1	subtrain	1
#F8766D	0.423004764498218	519	1	subtrain	1
#F8766D	0.42296461368755	520	1	subtrain	1
#F8766D	0.422924633951355	521	1	subtrain	1
#F8766D	0.422884824387286	522	1	subtrain	1
#F8766D	0.422845184098897	523	1	subtrain	1
#F8766D	0.4228057121956	524	1	subtrain	1
#F8766D	0.422766407792618	525	1	subtrain	1
#F8766D	0.422727270010937	526	1	subtrain	1
#F8766D	0.42268829797726	527	1	subtrain	1
#F8766D	0.422649490823965	528	1	subtrain	1
#F8766D	0.422610847689055	529	1	subtrain	1
#F8766D	0.42257236771612	530	1	subtrain	1
#F8766D	0.422534050054286	531	1	subtrain	1
#F8766D	0.422495893858177	532	1	subtrain	1
#F8766D	0.422457898287869	533	1	subtrain	1
#F8766D	0.422420062508847	534	1	subtrain	1
#F8766D	0.422382385691965	535	1	subtrain	1
#F8766D	0.422344867013402	536	1	subtrain	1
#F8766D	0.422307505654618	537	1	subtrain	1
#F8766D	0.422270300802318	538	1	subtrain	1
#F8766D	0.42223325164841	539	1	subtrain	1
#F8766D	0.42219635738996	540	1	subtrain	1
#F8766D	0.422159617229155	541	1	subtrain	1
#F8766D	0.422123030373267	542	1	subtrain	1
#F8766D	0.422086596034607	543	1	subtrain	1
#F8766D	0.422050313430488	544	1	subtrain	1
#F8766D	0.42201418178319	545	1	subtrain	1
#F8766D	0.421978200319917	546	1	subtrain	1
#F8766D	0.421942368272762	547	1	subtrain	1
#F8766D	0.421906684878669	548	1	subtrain	1
#F8766D	0.421871149379392	549	1	subtrain	1
#F8766D	0.421835761021465	550	1	subtrain	1
#F8766D	0.42180051905616	551	1	subtrain	1
#F8766D	0.421765422739453	552	1	subtrain	1
#F8766D	0.421730471331987	553	1	subtrain	1
#F8766D	0.421695664099036	554	1	subtrain	1
#F8766D	0.421661000310473	555	1	subtrain	1
#F8766D	0.421626479240731	556	1	subtrain	1
#F8766D	0.42159210016877	557	1	subtrain	1
#F8766D	0.421557862378044	558	1	subtrain	1
#F8766D	0.421523765156464	559	1	subtrain	1
#F8766D	0.421489807796369	560	1	subtrain	1
#F8766D	0.421455989594486	561	1	subtrain	1
#F8766D	0.421422309851902	562	1	subtrain	1
#F8766D	0.421388767874031	563	1	subtrain	1
#F8766D	0.421355362970579	564	1	subtrain	1
#F8766D	0.421322094455512	565	1	subtrain	1
#F8766D	0.421288961647027	566	1	subtrain	1
#F8766D	0.421255963867517	567	1	subtrain	1
#F8766D	0.421223100443541	568	1	subtrain	1
#F8766D	0.421190370705795	569	1	subtrain	1
#F8766D	0.421157773989076	570	1	subtrain	1
#F8766D	0.421125309632257	571	1	subtrain	1
#F8766D	0.421092976978253	572	1	subtrain	1
#F8766D	0.421060775373992	573	1	subtrain	1
#F8766D	0.421028704170386	574	1	subtrain	1
#F8766D	0.420996762722302	575	1	subtrain	1
#F8766D	0.42096495038853	576	1	subtrain	1
#F8766D	0.420933266531758	577	1	subtrain	1
#F8766D	0.420901710518538	578	1	subtrain	1
#F8766D	0.420870281719263	579	1	subtrain	1
#F8766D	0.420838979508137	580	1	subtrain	1
#F8766D	0.420807803263145	581	1	subtrain	1
#F8766D	0.420776752366026	582	1	subtrain	1
#F8766D	0.420745826202248	583	1	subtrain	1
#F8766D	0.420715024160979	584	1	subtrain	1
#F8766D	0.420684345635059	585	1	subtrain	1
#F8766D	0.420653790020975	586	1	subtrain	1
#F8766D	0.420623356718832	587	1	subtrain	1
#F8766D	0.420593045132331	588	1	subtrain	1
#F8766D	0.420562854668738	589	1	subtrain	1
#F8766D	0.420532784738862	590	1	subtrain	1
#F8766D	0.420502834757027	591	1	subtrain	1
#F8766D	0.420473004141047	592	1	subtrain	1
#F8766D	0.420443292312203	593	1	subtrain	1
#F8766D	0.420413698695214	594	1	subtrain	1
#F8766D	0.420384222718214	595	1	subtrain	1
#F8766D	0.420354863812731	596	1	subtrain	1
#F8766D	0.420325621413656	597	1	subtrain	1
#F8766D	0.420296494959225	598	1	subtrain	1
#F8766D	0.420267483890991	599	1	subtrain	1
#F8766D	0.420238587653801	600	1	subtrain	1
#F8766D	0.420209805695775	601	1	subtrain	1
#F8766D	0.420181137468279	602	1	subtrain	1
#F8766D	0.420152582425905	603	1	subtrain	1
#F8766D	0.420124140026446	604	1	subtrain	1
#F8766D	0.420095809730874	605	1	subtrain	1
#F8766D	0.420067591003317	606	1	subtrain	1
#F8766D	0.420039483311039	607	1	subtrain	1
#F8766D	0.420011486124413	608	1	subtrain	1
#F8766D	0.419983598916904	609	1	subtrain	1
#F8766D	0.419955821165044	610	1	subtrain	1
#F8766D	0.419928152348412	611	1	subtrain	1
#F8766D	0.419900591949612	612	1	subtrain	1
#F8766D	0.41987313945425	613	1	subtrain	1
#F8766D	0.419845794350917	614	1	subtrain	1
#F8766D	0.419818556131165	615	1	subtrain	1
#F8766D	0.419791424289486	616	1	subtrain	1
#F8766D	0.419764398323293	617	1	subtrain	1
#F8766D	0.4197374777329	618	1	subtrain	1
#F8766D	0.4197106620215	619	1	subtrain	1
#F8766D	0.419683950695144	620	1	subtrain	1
#F8766D	0.419657343262725	621	1	subtrain	1
#F8766D	0.419630839235956	622	1	subtrain	1
#F8766D	0.41960443812935	623	1	subtrain	1
#F8766D	0.419578139460201	624	1	subtrain	1
#F8766D	0.419551942748564	625	1	subtrain	1
#F8766D	0.419525847517238	626	1	subtrain	1
#F8766D	0.419499853291746	627	1	subtrain	1
#F8766D	0.419473959600315	628	1	subtrain	1
#F8766D	0.41944816597386	629	1	subtrain	1
#F8766D	0.419422471945961	630	1	subtrain	1
#F8766D	0.419396877052851	631	1	subtrain	1
#F8766D	0.419371380833393	632	1	subtrain	1
#F8766D	0.419345982829062	633	1	subtrain	1
#F8766D	0.41932068258393	634	1	subtrain	1
#F8766D	0.419295479644648	635	1	subtrain	1
#F8766D	0.419270373560425	636	1	subtrain	1
#F8766D	0.419245363883014	637	1	subtrain	1
#F8766D	0.419220450166692	638	1	subtrain	1
#F8766D	0.419195631968247	639	1	subtrain	1
#F8766D	0.419170908846955	640	1	subtrain	1
#F8766D	0.419146280364568	641	1	subtrain	1
#F8766D	0.419121746085296	642	1	subtrain	1
#F8766D	0.41909730557579	643	1	subtrain	1
#F8766D	0.419072958405124	644	1	subtrain	1
#F8766D	0.419048704144781	645	1	subtrain	1
#F8766D	0.419024542368635	646	1	subtrain	1
#F8766D	0.419000472652939	647	1	subtrain	1
#F8766D	0.418976494576301	648	1	subtrain	1
#F8766D	0.418952607719677	649	1	subtrain	1
#F8766D	0.418928811666349	650	1	subtrain	1
#F8766D	0.418905106001913	651	1	subtrain	1
#F8766D	0.41888149031426	652	1	subtrain	1
#F8766D	0.418857964193565	653	1	subtrain	1
#F8766D	0.418834527232268	654	1	subtrain	1
#F8766D	0.418811179025063	655	1	subtrain	1
#F8766D	0.418787919168879	656	1	subtrain	1
#F8766D	0.418764747262864	657	1	subtrain	1
#F8766D	0.418741662908378	658	1	subtrain	1
#F8766D	0.418718665708969	659	1	subtrain	1
#F8766D	0.418695755270366	660	1	subtrain	1
#F8766D	0.418672931200458	661	1	subtrain	1
#F8766D	0.418650193109285	662	1	subtrain	1
#F8766D	0.418627540609022	663	1	subtrain	1
#F8766D	0.418604973313965	664	1	subtrain	1
#F8766D	0.418582490840515	665	1	subtrain	1
#F8766D	0.418560092807168	666	1	subtrain	1
#F8766D	0.418537778834497	667	1	subtrain	1
#F8766D	0.418515548545143	668	1	subtrain	1
#F8766D	0.418493401563798	669	1	subtrain	1
#F8766D	0.418471337517191	670	1	subtrain	1
#F8766D	0.41844935603408	671	1	subtrain	1
#F8766D	0.418427456745232	672	1	subtrain	1
#F8766D	0.418405639283413	673	1	subtrain	1
#F8766D	0.418383903283377	674	1	subtrain	1
#F8766D	0.418362248381848	675	1	subtrain	1
#F8766D	0.418340674217514	676	1	subtrain	1
#F8766D	0.418319180431008	677	1	subtrain	1
#F8766D	0.418297766664897	678	1	subtrain	1
#F8766D	0.418276432563672	679	1	subtrain	1
#F8766D	0.418255177773734	680	1	subtrain	1
#F8766D	0.418234001943381	681	1	subtrain	1
#F8766D	0.418212904722796	682	1	subtrain	1
#F8766D	0.418191885764036	683	1	subtrain	1
#F8766D	0.418170944721017	684	1	subtrain	1
#F8766D	0.418150081249508	685	1	subtrain	1
#F8766D	0.418129295007112	686	1	subtrain	1
#F8766D	0.418108585653258	687	1	subtrain	1
#F8766D	0.418087952849191	688	1	subtrain	1
#F8766D	0.418067396257955	689	1	subtrain	1
#F8766D	0.418046915544386	690	1	subtrain	1
#F8766D	0.418026510375101	691	1	subtrain	1
#F8766D	0.418006180418482	692	1	subtrain	1
#F8766D	0.417985925344669	693	1	subtrain	1
#F8766D	0.417965744825549	694	1	subtrain	1
#F8766D	0.41794563853474	695	1	subtrain	1
#F8766D	0.417925606147587	696	1	subtrain	1
#F8766D	0.417905647341145	697	1	subtrain	1
#F8766D	0.41788576179417	698	1	subtrain	1
#F8766D	0.417865949187113	699	1	subtrain	1
#F8766D	0.4178462092021	700	1	subtrain	1
#F8766D	0.417826541522929	701	1	subtrain	1
#F8766D	0.417806945835059	702	1	subtrain	1
#F8766D	0.417787421825594	703	1	subtrain	1
#F8766D	0.417767969183278	704	1	subtrain	1
#F8766D	0.417748587598483	705	1	subtrain	1
#F8766D	0.417729276763198	706	1	subtrain	1
#F8766D	0.417710036371022	707	1	subtrain	1
#F8766D	0.417690866117147	708	1	subtrain	1
#F8766D	0.417671765698358	709	1	subtrain	1
#F8766D	0.417652734813013	710	1	subtrain	1
#F8766D	0.41763377316104	711	1	subtrain	1
#F8766D	0.417614880443925	712	1	subtrain	1
#F8766D	0.417596056364702	713	1	subtrain	1
#F8766D	0.417577300627943	714	1	subtrain	1
#F8766D	0.417558612939752	715	1	subtrain	1
#F8766D	0.417539993007749	716	1	subtrain	1
#F8766D	0.417521440541065	717	1	subtrain	1
#F8766D	0.417502955250335	718	1	subtrain	1
#F8766D	0.417484536847683	719	1	subtrain	1
#F8766D	0.417466185046714	720	1	subtrain	1
#F8766D	0.41744789956251	721	1	subtrain	1
#F8766D	0.417429680111614	722	1	subtrain	1
#F8766D	0.417411526412027	723	1	subtrain	1
#F8766D	0.417393438183193	724	1	subtrain	1
#F8766D	0.417375415145997	725	1	subtrain	1
#F8766D	0.417357457022749	726	1	subtrain	1
#F8766D	0.417339563537182	727	1	subtrain	1
#F8766D	0.417321734414437	728	1	subtrain	1
#F8766D	0.41730396938106	729	1	subtrain	1
#F8766D	0.417286268164991	730	1	subtrain	1
#F8766D	0.417268630495552	731	1	subtrain	1
#F8766D	0.417251056103447	732	1	subtrain	1
#F8766D	0.417233544720744	733	1	subtrain	1
#F8766D	0.417216096080874	734	1	subtrain	1
#F8766D	0.417198709918619	735	1	subtrain	1
#F8766D	0.417181385970106	736	1	subtrain	1
#F8766D	0.417164123972796	737	1	subtrain	1
#F8766D	0.417146923665479	738	1	subtrain	1
#F8766D	0.417129784788264	739	1	subtrain	1
#F8766D	0.41711270708257	740	1	subtrain	1
#F8766D	0.417095690291123	741	1	subtrain	1
#F8766D	0.417078734157942	742	1	subtrain	1
#F8766D	0.417061838428336	743	1	subtrain	1
#F8766D	0.417045002848892	744	1	subtrain	1
#F8766D	0.417028227167472	745	1	subtrain	1
#F8766D	0.417011511133202	746	1	subtrain	1
#F8766D	0.416994854496464	747	1	subtrain	1
#F8766D	0.416978257008893	748	1	subtrain	1
#F8766D	0.416961718423362	749	1	subtrain	1
#F8766D	0.416945238493983	750	1	subtrain	1
#F8766D	0.416928816976094	751	1	subtrain	1
#F8766D	0.416912453626252	752	1	subtrain	1
#F8766D	0.41689614820223	753	1	subtrain	1
#F8766D	0.416879900463003	754	1	subtrain	1
#F8766D	0.416863710168748	755	1	subtrain	1
#F8766D	0.416847577080831	756	1	subtrain	1
#F8766D	0.416831500961805	757	1	subtrain	1
#F8766D	0.416815481575397	758	1	subtrain	1
#F8766D	0.416799518686508	759	1	subtrain	1
#F8766D	0.416783612061199	760	1	subtrain	1
#F8766D	0.416767761466691	761	1	subtrain	1
#F8766D	0.416751966671353	762	1	subtrain	1
#F8766D	0.416736227444697	763	1	subtrain	1
#F8766D	0.416720543557372	764	1	subtrain	1
#F8766D	0.416704914781156	765	1	subtrain	1
#F8766D	0.41668934088895	766	1	subtrain	1
#F8766D	0.416673821654773	767	1	subtrain	1
#F8766D	0.416658356853751	768	1	subtrain	1
#F8766D	0.416642946262116	769	1	subtrain	1
#F8766D	0.416627589657196	770	1	subtrain	1
#F8766D	0.416612286817409	771	1	subtrain	1
#F8766D	0.416597037522257	772	1	subtrain	1
#F8766D	0.416581841552322	773	1	subtrain	1
#F8766D	0.416566698689254	774	1	subtrain	1
#F8766D	0.416551608715771	775	1	subtrain	1
#F8766D	0.41653657141565	776	1	subtrain	1
#F8766D	0.416521586573719	777	1	subtrain	1
#F8766D	0.416506653975855	778	1	subtrain	1
#F8766D	0.416491773408975	779	1	subtrain	1
#F8766D	0.416476944661031	780	1	subtrain	1
#F8766D	0.416462167521002	781	1	subtrain	1
#F8766D	0.416447441778892	782	1	subtrain	1
#F8766D	0.416432767225722	783	1	subtrain	1
#F8766D	0.416418143653523	784	1	subtrain	1
#F8766D	0.416403570855331	785	1	subtrain	1
#F8766D	0.416389048625183	786	1	subtrain	1
#F8766D	0.416374576758107	787	1	subtrain	1
#F8766D	0.416360155050123	788	1	subtrain	1
#F8766D	0.416345783298229	789	1	subtrain	1
#F8766D	0.416331461300403	790	1	subtrain	1
#F8766D	0.416317188855593	791	1	subtrain	1
#F8766D	0.416302965763711	792	1	subtrain	1
#F8766D	0.416288791825633	793	1	subtrain	1
#F8766D	0.416274666843185	794	1	subtrain	1
#F8766D	0.416260590619146	795	1	subtrain	1
#F8766D	0.416246562957236	796	1	subtrain	1
#F8766D	0.416232583662114	797	1	subtrain	1
#F8766D	0.416218652539373	798	1	subtrain	1
#F8766D	0.416204769395533	799	1	subtrain	1
#F8766D	0.416190934038037	800	1	subtrain	1
#F8766D	0.416177146275244	801	1	subtrain	1
#F8766D	0.416163405916426	802	1	subtrain	1
#F8766D	0.416149712771762	803	1	subtrain	1
#F8766D	0.416136066652333	804	1	subtrain	1
#F8766D	0.416122467370115	805	1	subtrain	1
#F8766D	0.416108914737978	806	1	subtrain	1
#F8766D	0.416095408569676	807	1	subtrain	1
#F8766D	0.416081948679847	808	1	subtrain	1
#F8766D	0.416068534884004	809	1	subtrain	1
#F8766D	0.416055166998533	810	1	subtrain	1
#F8766D	0.416041844840686	811	1	subtrain	1
#F8766D	0.416028568228577	812	1	subtrain	1
#F8766D	0.416015336981178	813	1	subtrain	1
#F8766D	0.416002150918311	814	1	subtrain	1
#F8766D	0.415989009860649	815	1	subtrain	1
#F8766D	0.415975913629705	816	1	subtrain	1
#F8766D	0.415962862047831	817	1	subtrain	1
#F8766D	0.415949854938214	818	1	subtrain	1
#F8766D	0.415936892124867	819	1	subtrain	1
#F8766D	0.41592397343263	820	1	subtrain	1
#F8766D	0.415911098687162	821	1	subtrain	1
#F8766D	0.415898267714935	822	1	subtrain	1
#F8766D	0.415885480343234	823	1	subtrain	1
#F8766D	0.415872736400148	824	1	subtrain	1
#F8766D	0.415860035714571	825	1	subtrain	1
#F8766D	0.415847378116191	826	1	subtrain	1
#F8766D	0.41583476343549	827	1	subtrain	1
#F8766D	0.415822191503737	828	1	subtrain	1
#F8766D	0.415809662152989	829	1	subtrain	1
#F8766D	0.415797175216078	830	1	subtrain	1
#F8766D	0.415784730526614	831	1	subtrain	1
#F8766D	0.415772327918978	832	1	subtrain	1
#F8766D	0.415759967228318	833	1	subtrain	1
#F8766D	0.415747648290544	834	1	subtrain	1
#F8766D	0.415735370942325	835	1	subtrain	1
#F8766D	0.415723135021085	836	1	subtrain	1
#F8766D	0.415710940364998	837	1	subtrain	1
#F8766D	0.415698786812983	838	1	subtrain	1
#F8766D	0.415686674204703	839	1	subtrain	1
#F8766D	0.415674602380558	840	1	subtrain	1
#F8766D	0.415662571181682	841	1	subtrain	1
#F8766D	0.415650580449939	842	1	subtrain	1
#F8766D	0.41563863002792	843	1	subtrain	1
#F8766D	0.415626719758938	844	1	subtrain	1
#F8766D	0.415614849487022	845	1	subtrain	1
#F8766D	0.415603019056919	846	1	subtrain	1
#F8766D	0.415591228314082	847	1	subtrain	1
#F8766D	0.415579477104675	848	1	subtrain	1
#F8766D	0.415567765275563	849	1	subtrain	1
#F8766D	0.415556092674309	850	1	subtrain	1
#F8766D	0.415544459149172	851	1	subtrain	1
#F8766D	0.415532864549102	852	1	subtrain	1
#F8766D	0.415521308723739	853	1	subtrain	1
#F8766D	0.415509791523403	854	1	subtrain	1
#F8766D	0.415498312799098	855	1	subtrain	1
#F8766D	0.415486872402503	856	1	subtrain	1
#F8766D	0.41547547018597	857	1	subtrain	1
#F8766D	0.415464106002522	858	1	subtrain	1
#F8766D	0.415452779705844	859	1	subtrain	1
#F8766D	0.415441491150289	860	1	subtrain	1
#F8766D	0.415430240190863	861	1	subtrain	1
#F8766D	0.415419026683232	862	1	subtrain	1
#F8766D	0.41540785048371	863	1	subtrain	1
#F8766D	0.415396711449262	864	1	subtrain	1
#F8766D	0.415385609437496	865	1	subtrain	1
#F8766D	0.415374544306663	866	1	subtrain	1
#F8766D	0.415363515915649	867	1	subtrain	1
#F8766D	0.415352524123979	868	1	subtrain	1
#F8766D	0.415341568791805	869	1	subtrain	1
#F8766D	0.41533064977991	870	1	subtrain	1
#F8766D	0.415319766949699	871	1	subtrain	1
#F8766D	0.415308920163199	872	1	subtrain	1
#F8766D	0.415298109283057	873	1	subtrain	1
#F8766D	0.415287334172531	874	1	subtrain	1
#F8766D	0.415276594695494	875	1	subtrain	1
#F8766D	0.415265890716424	876	1	subtrain	1
#F8766D	0.415255222100407	877	1	subtrain	1
#F8766D	0.415244588713128	878	1	subtrain	1
#F8766D	0.415233990420872	879	1	subtrain	1
#F8766D	0.41522342709052	880	1	subtrain	1
#F8766D	0.415212898589545	881	1	subtrain	1
#F8766D	0.415202404786008	882	1	subtrain	1
#F8766D	0.415191945548558	883	1	subtrain	1
#F8766D	0.415181520746426	884	1	subtrain	1
#F8766D	0.415171130249423	885	1	subtrain	1
#F8766D	0.415160773927937	886	1	subtrain	1
#F8766D	0.415150451652931	887	1	subtrain	1
#F8766D	0.415140163295938	888	1	subtrain	1
#F8766D	0.41512990872906	889	1	subtrain	1
#F8766D	0.415119687824961	890	1	subtrain	1
#F8766D	0.415109500456872	891	1	subtrain	1
#F8766D	0.415099346498578	892	1	subtrain	1
#F8766D	0.415089225824426	893	1	subtrain	1
#F8766D	0.41507913830931	894	1	subtrain	1
#F8766D	0.415069083828681	895	1	subtrain	1
#F8766D	0.415059062258532	896	1	subtrain	1
#F8766D	0.415049073475404	897	1	subtrain	1
#F8766D	0.415039117356379	898	1	subtrain	1
#F8766D	0.41502919377908	899	1	subtrain	1
#F8766D	0.415019302621663	900	1	subtrain	1
#F8766D	0.415009443762821	901	1	subtrain	1
#F8766D	0.414999617081776	902	1	subtrain	1
#F8766D	0.414989822458278	903	1	subtrain	1
#F8766D	0.414980059772604	904	1	subtrain	1
#F8766D	0.414970328905554	905	1	subtrain	1
#F8766D	0.414960629738444	906	1	subtrain	1
#F8766D	0.414950962153113	907	1	subtrain	1
#F8766D	0.414941326031912	908	1	subtrain	1
#F8766D	0.414931721257702	909	1	subtrain	1
#F8766D	0.414922147713858	910	1	subtrain	1
#F8766D	0.414912605284258	911	1	subtrain	1
#F8766D	0.414903093853287	912	1	subtrain	1
#F8766D	0.414893613305831	913	1	subtrain	1
#F8766D	0.414884163527273	914	1	subtrain	1
#F8766D	0.414874744403495	915	1	subtrain	1
#F8766D	0.414865355820873	916	1	subtrain	1
#F8766D	0.414855997666274	917	1	subtrain	1
#F8766D	0.414846669827054	918	1	subtrain	1
#F8766D	0.414837372191056	919	1	subtrain	1
#F8766D	0.414828104646605	920	1	subtrain	1
#F8766D	0.414818867082512	921	1	subtrain	1
#F8766D	0.414809659388062	922	1	subtrain	1
#F8766D	0.414800481453022	923	1	subtrain	1
#F8766D	0.414791333167629	924	1	subtrain	1
#F8766D	0.414782214422595	925	1	subtrain	1
#F8766D	0.4147731251091	926	1	subtrain	1
#F8766D	0.414764065118791	927	1	subtrain	1
#F8766D	0.414755034343782	928	1	subtrain	1
#F8766D	0.414746032676646	929	1	subtrain	1
#F8766D	0.41473706001042	930	1	subtrain	1
#F8766D	0.414728116238596	931	1	subtrain	1
#F8766D	0.414719201255124	932	1	subtrain	1
#F8766D	0.414710314954405	933	1	subtrain	1
#F8766D	0.414701457231292	934	1	subtrain	1
#F8766D	0.414692627981088	935	1	subtrain	1
#F8766D	0.414683827099541	936	1	subtrain	1
#F8766D	0.414675054482842	937	1	subtrain	1
#F8766D	0.414666310027628	938	1	subtrain	1
#F8766D	0.414657593630973	939	1	subtrain	1
#F8766D	0.414648905190388	940	1	subtrain	1
#F8766D	0.414640244603823	941	1	subtrain	1
#F8766D	0.414631611769657	942	1	subtrain	1
#F8766D	0.414623006586703	943	1	subtrain	1
#F8766D	0.414614428954202	944	1	subtrain	1
#F8766D	0.414605878771823	945	1	subtrain	1
#F8766D	0.414597355939658	946	1	subtrain	1
#F8766D	0.414588860358223	947	1	subtrain	1
#F8766D	0.414580391928454	948	1	subtrain	1
#F8766D	0.414571950551705	949	1	subtrain	1
#F8766D	0.414563536129748	950	1	subtrain	1
#F8766D	0.414555148564767	951	1	subtrain	1
#F8766D	0.414546787759361	952	1	subtrain	1
#F8766D	0.414538453616537	953	1	subtrain	1
#F8766D	0.414530146039712	954	1	subtrain	1
#F8766D	0.414521864932707	955	1	subtrain	1
#F8766D	0.41451361019975	956	1	subtrain	1
#F8766D	0.41450538174547	957	1	subtrain	1
#F8766D	0.414497179474894	958	1	subtrain	1
#F8766D	0.414489003293451	959	1	subtrain	1
#F8766D	0.414480853106964	960	1	subtrain	1
#F8766D	0.414472728821652	961	1	subtrain	1
#F8766D	0.414464630344125	962	1	subtrain	1
#F8766D	0.414456557581384	963	1	subtrain	1
#F8766D	0.41444851044082	964	1	subtrain	1
#F8766D	0.414440488830207	965	1	subtrain	1
#F8766D	0.414432492657709	966	1	subtrain	1
#F8766D	0.414424521831868	967	1	subtrain	1
#F8766D	0.414416576261611	968	1	subtrain	1
#F8766D	0.414408655856241	969	1	subtrain	1
#F8766D	0.414400760525442	970	1	subtrain	1
#F8766D	0.414392890179271	971	1	subtrain	1
#F8766D	0.414385044728158	972	1	subtrain	1
#F8766D	0.414377224082907	973	1	subtrain	1
#F8766D	0.414369428154692	974	1	subtrain	1
#F8766D	0.414361656855054	975	1	subtrain	1
#F8766D	0.414353910095901	976	1	subtrain	1
#F8766D	0.414346187789506	977	1	subtrain	1
#F8766D	0.414338489848505	978	1	subtrain	1
#F8766D	0.414330816185895	979	1	subtrain	1
#F8766D	0.414323166715033	980	1	subtrain	1
#F8766D	0.414315541349634	981	1	subtrain	1
#F8766D	0.414307940003767	982	1	subtrain	1
#F8766D	0.414300362591857	983	1	subtrain	1
#F8766D	0.414292809028682	984	1	subtrain	1
#F8766D	0.414285279229371	985	1	subtrain	1
#F8766D	0.4142777731094	986	1	subtrain	1
#F8766D	0.414270290584594	987	1	subtrain	1
#F8766D	0.414262831571125	988	1	subtrain	1
#F8766D	0.414255395985507	989	1	subtrain	1
#F8766D	0.414247983744599	990	1	subtrain	1
#F8766D	0.414240594765599	991	1	subtrain	1
#F8766D	0.414233228966045	992	1	subtrain	1
#F8766D	0.414225886263812	993	1	subtrain	1
#F8766D	0.414218566577113	994	1	subtrain	1
#F8766D	0.414211269824493	995	1	subtrain	1
#F8766D	0.414203995924832	996	1	subtrain	1
#F8766D	0.41419674479734	997	1	subtrain	1
#F8766D	0.414189516361556	998	1	subtrain	1
#F8766D	0.41418231053735	999	1	subtrain	1
#F8766D	0.414175127244915	1000	1	subtrain	1
#00BFC4	0.862285216995928	1	2	validation	1
#00BFC4	0.764888435622065	2	2	validation	1
#00BFC4	0.694885604944167	3	2	validation	1
#00BFC4	0.645316513445083	4	2	validation	1
#00BFC4	0.610296023847941	5	2	validation	1
#00BFC4	0.58536387060077	6	2	validation	1
#00BFC4	0.567349006054006	7	2	validation	1
#00BFC4	0.554073001933902	8	2	validation	1
#00BFC4	0.544062231213193	9	2	validation	1
#00BFC4	0.536323539888842	10	2	validation	1
#00BFC4	0.530185353535257	11	2	validation	1
#00BFC4	0.525190132636464	12	2	validation	1
#00BFC4	0.521023053144211	13	2	validation	1
#00BFC4	0.517465032902516	14	2	validation	1
#00BFC4	0.514361769833573	15	2	validation	1
#00BFC4	0.511603230563917	16	2	validation	1
#00BFC4	0.509109960086093	17	2	validation	1
#00BFC4	0.506823862897939	18	2	validation	1
#00BFC4	0.504701935172689	19	2	validation	1
#00BFC4	0.502711960216751	20	2	validation	1
#00BFC4	0.500829521525295	21	2	validation	1
#00BFC4	0.499035908178334	22	2	validation	1
#00BFC4	0.497316630222494	23	2	validation	1
#00BFC4	0.49566035498979	24	2	validation	1
#00BFC4	0.49405813669932	25	2	validation	1
#00BFC4	0.492502852405421	26	2	validation	1
#00BFC4	0.490988784574862	27	2	validation	1
#00BFC4	0.489511308914444	28	2	validation	1
#00BFC4	0.488066658522736	29	2	validation	1
#00BFC4	0.486651743961053	30	2	validation	1
#00BFC4	0.485264014715892	31	2	validation	1
#00BFC4	0.483901351610812	32	2	validation	1
#00BFC4	0.482561982589438	33	2	validation	1
#00BFC4	0.481244416315314	34	2	validation	1
#00BFC4	0.479947389477479	35	2	validation	1
#00BFC4	0.478669824728778	36	2	validation	1
#00BFC4	0.477410796937781	37	2	validation	1
#00BFC4	0.476169505987656	38	2	validation	1
#00BFC4	0.474945254764229	39	2	validation	1
#00BFC4	0.47373743128092	40	2	validation	1
#00BFC4	0.472545494118597	41	2	validation	1
#00BFC4	0.47136896053375	42	2	validation	1
#00BFC4	0.470207396722996	43	2	validation	1
#00BFC4	0.46906040983617	44	2	validation	1
#00BFC4	0.467927641411585	45	2	validation	1
#00BFC4	0.466808761970979	46	2	validation	1
#00BFC4	0.465703466562199	47	2	validation	1
#00BFC4	0.464611471077916	48	2	validation	1
#00BFC4	0.46353250921084	49	2	validation	1
#00BFC4	0.462466329931736	50	2	validation	1
#00BFC4	0.461412695397414	51	2	validation	1
#00BFC4	0.460371379212738	52	2	validation	1
#00BFC4	0.459342164984415	53	2	validation	1
#00BFC4	0.458324845115474	54	2	validation	1
#00BFC4	0.457319219798476	55	2	validation	1
#00BFC4	0.456325096172925	56	2	validation	1
#00BFC4	0.455342287618447	57	2	validation	1
#00BFC4	0.454370613160333	58	2	validation	1
#00BFC4	0.453409896968116	59	2	validation	1
#00BFC4	0.452459967931259	60	2	validation	1
#00BFC4	0.451520659298791	61	2	validation	1
#00BFC4	0.450591808372024	62	2	validation	1
#00BFC4	0.449673256241376	63	2	validation	1
#00BFC4	0.448764847559869	64	2	validation	1
#00BFC4	0.447866430347164	65	2	validation	1
#00BFC4	0.446977855819053	66	2	validation	1
#00BFC4	0.446098978238185	67	2	validation	1
#00BFC4	0.445229654782572	68	2	validation	1
#00BFC4	0.444369745428956	69	2	validation	1
#00BFC4	0.443519112848666	70	2	validation	1
#00BFC4	0.44267762231397	71	2	validation	1
#00BFC4	0.441845141613282	72	2	validation	1
#00BFC4	0.441021540973849	73	2	validation	1
#00BFC4	0.440206692990794	74	2	validation	1
#00BFC4	0.43940047256156	75	2	validation	1
#00BFC4	0.438602756824982	76	2	validation	1
#00BFC4	0.437813425104318	77	2	validation	1
#00BFC4	0.43703235885371	78	2	validation	1
#00BFC4	0.436259441607619	79	2	validation	1
#00BFC4	0.435494558932837	80	2	validation	1
#00BFC4	0.434737598382789	81	2	validation	1
#00BFC4	0.433988449453828	82	2	validation	1
#00BFC4	0.433247003543328	83	2	validation	1
#00BFC4	0.432513153909365	84	2	validation	1
#00BFC4	0.431786795631842	85	2	validation	1
#00BFC4	0.431067825574924	86	2	validation	1
#00BFC4	0.430356142350663	87	2	validation	1
#00BFC4	0.429651646283717	88	2	validation	1
#00BFC4	0.428954239377096	89	2	validation	1
#00BFC4	0.428263825278843	90	2	validation	1
#00BFC4	0.427580309249604	91	2	validation	1
#00BFC4	0.426903598131033	92	2	validation	1
#00BFC4	0.426233600314984	93	2	validation	1
#00BFC4	0.425570225713447	94	2	validation	1
#00BFC4	0.4249133857292	95	2	validation	1
#00BFC4	0.424262993227147	96	2	validation	1
#00BFC4	0.423618962506299	97	2	validation	1
#00BFC4	0.4229812092724	98	2	validation	1
#00BFC4	0.422349650611142	99	2	validation	1
#00BFC4	0.421724204961986	100	2	validation	1
#00BFC4	0.421104792092535	101	2	validation	1
#00BFC4	0.42049133307347	102	2	validation	1
#00BFC4	0.41988375025401	103	2	validation	1
#00BFC4	0.419281967237902	104	2	validation	1
#00BFC4	0.41868590885991	105	2	validation	1
#00BFC4	0.418095501162801	106	2	validation	1
#00BFC4	0.41751067137481	107	2	validation	1
#00BFC4	0.416931347887574	108	2	validation	1
#00BFC4	0.416357460234518	109	2	validation	1
#00BFC4	0.4157889390697	110	2	validation	1
#00BFC4	0.415225716147075	111	2	validation	1
#00BFC4	0.414667724300201	112	2	validation	1
#00BFC4	0.414114897422347	113	2	validation	1
#00BFC4	0.41356717044702	114	2	validation	1
#00BFC4	0.413024479328878	115	2	validation	1
#00BFC4	0.412486761025042	116	2	validation	1
#00BFC4	0.411953953476781	117	2	validation	1
#00BFC4	0.411425995591571	118	2	validation	1
#00BFC4	0.410902827225519	119	2	validation	1
#00BFC4	0.410384389166142	120	2	validation	1
#00BFC4	0.409870623115488	121	2	validation	1
#00BFC4	0.409361471673612	122	2	validation	1
#00BFC4	0.408856878322367	123	2	validation	1
#00BFC4	0.408356787409533	124	2	validation	1
#00BFC4	0.407861144133264	125	2	validation	1
#00BFC4	0.40736989452684	126	2	validation	1
#00BFC4	0.40688298544373	127	2	validation	1
#00BFC4	0.406400364542955	128	2	validation	1
#00BFC4	0.405921980274736	129	2	validation	1
#00BFC4	0.405447781866437	130	2	validation	1
#00BFC4	0.404977719308781	131	2	validation	1
#00BFC4	0.404511743342341	132	2	validation	1
#00BFC4	0.404049805444308	133	2	validation	1
#00BFC4	0.403591857815504	134	2	validation	1
#00BFC4	0.40313785336767	135	2	validation	1
#00BFC4	0.402687745710991	136	2	validation	1
#00BFC4	0.402241489141878	137	2	validation	1
#00BFC4	0.401799038630983	138	2	validation	1
#00BFC4	0.401360349811453	139	2	validation	1
#00BFC4	0.400925378967413	140	2	validation	1
#00BFC4	0.400494083022677	141	2	validation	1
#00BFC4	0.400066419529679	142	2	validation	1
#00BFC4	0.399642346658618	143	2	validation	1
#00BFC4	0.399221823186816	144	2	validation	1
#00BFC4	0.398804808488288	145	2	validation	1
#00BFC4	0.398391262523503	146	2	validation	1
#00BFC4	0.397981145829359	147	2	validation	1
#00BFC4	0.397574419509337	148	2	validation	1
#00BFC4	0.397171045223857	149	2	validation	1
#00BFC4	0.396770985180814	150	2	validation	1
#00BFC4	0.396374202126297	151	2	validation	1
#00BFC4	0.395980659335489	152	2	validation	1
#00BFC4	0.395590320603739	153	2	validation	1
#00BFC4	0.395203150237806	154	2	validation	1
#00BFC4	0.394819113047271	155	2	validation	1
#00BFC4	0.394438174336111	156	2	validation	1
#00BFC4	0.394060299894438	157	2	validation	1
#00BFC4	0.393685455990389	158	2	validation	1
#00BFC4	0.393313609362173	159	2	validation	1
#00BFC4	0.392944727210273	160	2	validation	1
#00BFC4	0.392578777189785	161	2	validation	1
#00BFC4	0.392215727402912	162	2	validation	1
#00BFC4	0.391855546391593	163	2	validation	1
#00BFC4	0.391498203130277	164	2	validation	1
#00BFC4	0.391143667018821	165	2	validation	1
#00BFC4	0.390791907875535	166	2	validation	1
#00BFC4	0.390442895930346	167	2	validation	1
#00BFC4	0.390096601818097	168	2	validation	1
#00BFC4	0.389752996571967	169	2	validation	1
#00BFC4	0.38941205161701	170	2	validation	1
#00BFC4	0.389073738763826	171	2	validation	1
#00BFC4	0.388738030202331	172	2	validation	1
#00BFC4	0.38840489849566	173	2	validation	1
#00BFC4	0.38807431657417	174	2	validation	1
#00BFC4	0.38774625772956	175	2	validation	1
#00BFC4	0.387420695609094	176	2	validation	1
#00BFC4	0.387097604209935	177	2	validation	1
#00BFC4	0.386776957873579	178	2	validation	1
#00BFC4	0.386458731280393	179	2	validation	1
#00BFC4	0.386142899444247	180	2	validation	1
#00BFC4	0.385829437707254	181	2	validation	1
#00BFC4	0.385518321734593	182	2	validation	1
#00BFC4	0.385209527509438	183	2	validation	1
#00BFC4	0.384903031327964	184	2	validation	1
#00BFC4	0.384598809794462	185	2	validation	1
#00BFC4	0.384296839816521	186	2	validation	1
#00BFC4	0.383997098600313	187	2	validation	1
#00BFC4	0.383699563645957	188	2	validation	1
#00BFC4	0.383404212742958	189	2	validation	1
#00BFC4	0.383111023965743	190	2	validation	1
#00BFC4	0.382819975669263	191	2	validation	1
#00BFC4	0.382531046484679	192	2	validation	1
#00BFC4	0.382244215315123	193	2	validation	1
#00BFC4	0.381959461331537	194	2	validation	1
#00BFC4	0.381676763968578	195	2	validation	1
#00BFC4	0.381396102920606	196	2	validation	1
#00BFC4	0.381117458137733	197	2	validation	1
#00BFC4	0.380840809821946	198	2	validation	1
#00BFC4	0.380566138423295	199	2	validation	1
#00BFC4	0.380293424636153	200	2	validation	1
#00BFC4	0.380022649395535	201	2	validation	1
#00BFC4	0.379753793873482	202	2	validation	1
#00BFC4	0.379486839475514	203	2	validation	1
#00BFC4	0.379221767837137	204	2	validation	1
#00BFC4	0.378958560820411	205	2	validation	1
#00BFC4	0.378697200510584	206	2	validation	1
#00BFC4	0.378437669212776	207	2	validation	1
#00BFC4	0.378179949448725	208	2	validation	1
#00BFC4	0.377924023953584	209	2	validation	1
#00BFC4	0.377669875672781	210	2	validation	1
#00BFC4	0.377417487758922	211	2	validation	1
#00BFC4	0.377166843568755	212	2	validation	1
#00BFC4	0.376917926660183	213	2	validation	1
#00BFC4	0.376670720789323	214	2	validation	1
#00BFC4	0.376425209907627	215	2	validation	1
#00BFC4	0.376181378159035	216	2	validation	1
#00BFC4	0.375939209877191	217	2	validation	1
#00BFC4	0.375698689582696	218	2	validation	1
#00BFC4	0.375459801980412	219	2	validation	1
#00BFC4	0.375222531956809	220	2	validation	1
#00BFC4	0.374986864577357	221	2	validation	1
#00BFC4	0.374752785083963	222	2	validation	1
#00BFC4	0.374520278892445	223	2	validation	1
#00BFC4	0.374289331590057	224	2	validation	1
#00BFC4	0.374059928933047	225	2	validation	1
#00BFC4	0.373832056844257	226	2	validation	1
#00BFC4	0.373605701410769	227	2	validation	1
#00BFC4	0.373380848881579	228	2	validation	1
#00BFC4	0.373157485665318	229	2	validation	1
#00BFC4	0.372935598328006	230	2	validation	1
#00BFC4	0.372715173590846	231	2	validation	1
#00BFC4	0.372496198328048	232	2	validation	1
#00BFC4	0.372278659564695	233	2	validation	1
#00BFC4	0.372062544474643	234	2	validation	1
#00BFC4	0.371847840378447	235	2	validation	1
#00BFC4	0.371634534741331	236	2	validation	1
#00BFC4	0.371422615171187	237	2	validation	1
#00BFC4	0.371212069416604	238	2	validation	1
#00BFC4	0.371002885364927	239	2	validation	1
#00BFC4	0.370795051040357	240	2	validation	1
#00BFC4	0.370588554602071	241	2	validation	1
#00BFC4	0.370383384342374	242	2	validation	1
#00BFC4	0.370179528684888	243	2	validation	1
#00BFC4	0.369976976182758	244	2	validation	1
#00BFC4	0.369775715516897	245	2	validation	1
#00BFC4	0.36957573549425	246	2	validation	1
#00BFC4	0.369377025046095	247	2	validation	1
#00BFC4	0.369179573226361	248	2	validation	1
#00BFC4	0.36898336920998	249	2	validation	1
#00BFC4	0.36878840229126	250	2	validation	1
#00BFC4	0.368594661882288	251	2	validation	1
#00BFC4	0.368402137511351	252	2	validation	1
#00BFC4	0.36821081882139	253	2	validation	1
#00BFC4	0.368020695568473	254	2	validation	1
#00BFC4	0.367831757620293	255	2	validation	1
#00BFC4	0.367643994954686	256	2	validation	1
#00BFC4	0.36745739765818	257	2	validation	1
#00BFC4	0.367271955924558	258	2	validation	1
#00BFC4	0.367087660053449	259	2	validation	1
#00BFC4	0.366904500448935	260	2	validation	1
#00BFC4	0.366722467618187	261	2	validation	1
#00BFC4	0.366541552170111	262	2	validation	1
#00BFC4	0.366361744814029	263	2	validation	1
#00BFC4	0.366183036358366	264	2	validation	1
#00BFC4	0.366005417709368	265	2	validation	1
#00BFC4	0.365828879869829	266	2	validation	1
#00BFC4	0.36565341393785	267	2	validation	1
#00BFC4	0.365479011105603	268	2	validation	1
#00BFC4	0.365305662658127	269	2	validation	1
#00BFC4	0.365133359972128	270	2	validation	1
#00BFC4	0.364962094514813	271	2	validation	1
#00BFC4	0.364791857842725	272	2	validation	1
#00BFC4	0.36462264160061	273	2	validation	1
#00BFC4	0.36445443752029	274	2	validation	1
#00BFC4	0.364287237419559	275	2	validation	1
#00BFC4	0.364121033201095	276	2	validation	1
#00BFC4	0.363955816851383	277	2	validation	1
#00BFC4	0.363791580439661	278	2	validation	1
#00BFC4	0.363628316116879	279	2	validation	1
#00BFC4	0.363466016114666	280	2	validation	1
#00BFC4	0.363304672744328	281	2	validation	1
#00BFC4	0.363144278395846	282	2	validation	1
#00BFC4	0.362984825536895	283	2	validation	1
#00BFC4	0.362826306711877	284	2	validation	1
#00BFC4	0.362668714540968	285	2	validation	1
#00BFC4	0.362512041719177	286	2	validation	1
#00BFC4	0.362356281015424	287	2	validation	1
#00BFC4	0.362201425271623	288	2	validation	1
#00BFC4	0.362047467401785	289	2	validation	1
#00BFC4	0.361894400391133	290	2	validation	1
#00BFC4	0.361742217295227	291	2	validation	1
#00BFC4	0.361590911239104	292	2	validation	1
#00BFC4	0.361440475416428	293	2	validation	1
#00BFC4	0.361290903088656	294	2	validation	1
#00BFC4	0.361142187584213	295	2	validation	1
#00BFC4	0.360994322297677	296	2	validation	1
#00BFC4	0.360847300688983	297	2	validation	1
#00BFC4	0.360701116282627	298	2	validation	1
#00BFC4	0.360555762666895	299	2	validation	1
#00BFC4	0.360411233493088	300	2	validation	1
#00BFC4	0.36026752247477	301	2	validation	1
#00BFC4	0.360124623387024	302	2	validation	1
#00BFC4	0.35998253006571	303	2	validation	1
#00BFC4	0.359841236406745	304	2	validation	1
#00BFC4	0.359700736365387	305	2	validation	1
#00BFC4	0.359561023955531	306	2	validation	1
#00BFC4	0.359422093249012	307	2	validation	1
#00BFC4	0.359283938374919	308	2	validation	1
#00BFC4	0.359146553518923	309	2	validation	1
#00BFC4	0.359009932922607	310	2	validation	1
#00BFC4	0.358874070882809	311	2	validation	1
#00BFC4	0.358738961750976	312	2	validation	1
#00BFC4	0.358604599932523	313	2	validation	1
#00BFC4	0.358470979886204	314	2	validation	1
#00BFC4	0.358338096123488	315	2	validation	1
#00BFC4	0.358205943207947	316	2	validation	1
#00BFC4	0.358074515754651	317	2	validation	1
#00BFC4	0.357943808429573	318	2	validation	1
#00BFC4	0.357813815948997	319	2	validation	1
#00BFC4	0.357684533078942	320	2	validation	1
#00BFC4	0.357555954634585	321	2	validation	1
#00BFC4	0.357428075479699	322	2	validation	1
#00BFC4	0.357300890526094	323	2	validation	1
#00BFC4	0.35717439473307	324	2	validation	1
#00BFC4	0.357048583106872	325	2	validation	1
#00BFC4	0.356923450700155	326	2	validation	1
#00BFC4	0.35679899261146	327	2	validation	1
#00BFC4	0.356675203984688	328	2	validation	1
#00BFC4	0.356552080008589	329	2	validation	1
#00BFC4	0.356429615916256	330	2	validation	1
#00BFC4	0.356307806984623	331	2	validation	1
#00BFC4	0.356186648533971	332	2	validation	1
#00BFC4	0.356066135927443	333	2	validation	1
#00BFC4	0.355946264570562	334	2	validation	1
#00BFC4	0.355827029910758	335	2	validation	1
#00BFC4	0.3557084274369	336	2	validation	1
#00BFC4	0.35559045267883	337	2	validation	1
#00BFC4	0.355473101206914	338	2	validation	1
#00BFC4	0.355356368631588	339	2	validation	1
#00BFC4	0.355240250602916	340	2	validation	1
#00BFC4	0.35512474281015	341	2	validation	1
#00BFC4	0.355009840981297	342	2	validation	1
#00BFC4	0.354895540882698	343	2	validation	1
#00BFC4	0.354781838318599	344	2	validation	1
#00BFC4	0.354668729130741	345	2	validation	1
#00BFC4	0.354556209197947	346	2	validation	1
#00BFC4	0.354444274435716	347	2	validation	1
#00BFC4	0.354332920795827	348	2	validation	1
#00BFC4	0.35422214426594	349	2	validation	1
#00BFC4	0.354111940869208	350	2	validation	1
#00BFC4	0.354002306663895	351	2	validation	1
#00BFC4	0.353893237742992	352	2	validation	1
#00BFC4	0.353784730233842	353	2	validation	1
#00BFC4	0.353676780297774	354	2	validation	1
#00BFC4	0.353569384129736	355	2	validation	1
#00BFC4	0.353462537957932	356	2	validation	1
#00BFC4	0.353356238043466	357	2	validation	1
#00BFC4	0.353250480679994	358	2	validation	1
#00BFC4	0.353145262193373	359	2	validation	1
#00BFC4	0.35304057894132	360	2	validation	1
#00BFC4	0.352936427313071	361	2	validation	1
#00BFC4	0.35283280372905	362	2	validation	1
#00BFC4	0.352729704640538	363	2	validation	1
#00BFC4	0.352627126529342	364	2	validation	1
#00BFC4	0.352525065907482	365	2	validation	1
#00BFC4	0.352423519316866	366	2	validation	1
#00BFC4	0.352322483328977	367	2	validation	1
#00BFC4	0.352221954544566	368	2	validation	1
#00BFC4	0.352121929593344	369	2	validation	1
#00BFC4	0.352022405133677	370	2	validation	1
#00BFC4	0.351923377852291	371	2	validation	1
#00BFC4	0.351824844463975	372	2	validation	1
#00BFC4	0.351726801711291	373	2	validation	1
#00BFC4	0.351629246364283	374	2	validation	1
#00BFC4	0.351532175220197	375	2	validation	1
#00BFC4	0.351435585103196	376	2	validation	1
#00BFC4	0.351339472864086	377	2	validation	1
#00BFC4	0.351243835380039	378	2	validation	1
#00BFC4	0.351148669554323	379	2	validation	1
#00BFC4	0.351053972316037	380	2	validation	1
#00BFC4	0.350959740619844	381	2	validation	1
#00BFC4	0.350865971445711	382	2	validation	1
#00BFC4	0.350772661798649	383	2	validation	1
#00BFC4	0.350679808708463	384	2	validation	1
#00BFC4	0.350587409229497	385	2	validation	1
#00BFC4	0.350495460440385	386	2	validation	1
#00BFC4	0.350403959443805	387	2	validation	1
#00BFC4	0.35031290336624	388	2	validation	1
#00BFC4	0.350222289357734	389	2	validation	1
#00BFC4	0.350132114591655	390	2	validation	1
#00BFC4	0.350042376264466	391	2	validation	1
#00BFC4	0.349953071595486	392	2	validation	1
#00BFC4	0.349864197826667	393	2	validation	1
#00BFC4	0.349775752222366	394	2	validation	1
#00BFC4	0.349687732069123	395	2	validation	1
#00BFC4	0.349600134675437	396	2	validation	1
#00BFC4	0.349512957371551	397	2	validation	1
#00BFC4	0.349426197509237	398	2	validation	1
#00BFC4	0.349339852461581	399	2	validation	1
#00BFC4	0.349253919622771	400	2	validation	1
#00BFC4	0.349168396407894	401	2	validation	1
#00BFC4	0.349083280252728	402	2	validation	1
#00BFC4	0.348998568613535	403	2	validation	1
#00BFC4	0.348914258966866	404	2	validation	1
#00BFC4	0.34883034880936	405	2	validation	1
#00BFC4	0.348746835657547	406	2	validation	1
#00BFC4	0.348663717047655	407	2	validation	1
#00BFC4	0.348580990535418	408	2	validation	1
#00BFC4	0.348498653695888	409	2	validation	1
#00BFC4	0.348416704123244	410	2	validation	1
#00BFC4	0.34833513943061	411	2	validation	1
#00BFC4	0.348253957249873	412	2	validation	1
#00BFC4	0.348173155231497	413	2	validation	1
#00BFC4	0.348092731044348	414	2	validation	1
#00BFC4	0.348012682375519	415	2	validation	1
#00BFC4	0.347933006930149	416	2	validation	1
#00BFC4	0.347853702431255	417	2	validation	1
#00BFC4	0.347774766619562	418	2	validation	1
#00BFC4	0.347696197253327	419	2	validation	1
#00BFC4	0.347617992108181	420	2	validation	1
#00BFC4	0.347540148976959	421	2	validation	1
#00BFC4	0.347462665669534	422	2	validation	1
#00BFC4	0.347385540012663	423	2	validation	1
#00BFC4	0.347308769849821	424	2	validation	1
#00BFC4	0.347232353041046	425	2	validation	1
#00BFC4	0.347156287462781	426	2	validation	1
#00BFC4	0.347080571007722	427	2	validation	1
#00BFC4	0.347005201584663	428	2	validation	1
#00BFC4	0.346930177118349	429	2	validation	1
#00BFC4	0.346855495549321	430	2	validation	1
#00BFC4	0.346781154833771	431	2	validation	1
#00BFC4	0.3467071529434	432	2	validation	1
#00BFC4	0.346633487865267	433	2	validation	1
#00BFC4	0.346560157601649	434	2	validation	1
#00BFC4	0.346487160169903	435	2	validation	1
#00BFC4	0.346414493602319	436	2	validation	1
#00BFC4	0.346342155945991	437	2	validation	1
#00BFC4	0.346270145262673	438	2	validation	1
#00BFC4	0.346198459628645	439	2	validation	1
#00BFC4	0.346127097134585	440	2	validation	1
#00BFC4	0.346056055885431	441	2	validation	1
#00BFC4	0.34598533400025	442	2	validation	1
#00BFC4	0.345914929612114	443	2	validation	1
#00BFC4	0.345844840867966	444	2	validation	1
#00BFC4	0.345775065928498	445	2	validation	1
#00BFC4	0.345705602968025	446	2	validation	1
#00BFC4	0.345636450174357	447	2	validation	1
#00BFC4	0.345567605748683	448	2	validation	1
#00BFC4	0.345499067905445	449	2	validation	1
#00BFC4	0.34543083487222	450	2	validation	1
#00BFC4	0.345362904889602	451	2	validation	1
#00BFC4	0.345295276211084	452	2	validation	1
#00BFC4	0.345227947102941	453	2	validation	1
#00BFC4	0.345160915844117	454	2	validation	1
#00BFC4	0.345094180726109	455	2	validation	1
#00BFC4	0.345027740052858	456	2	validation	1
#00BFC4	0.344961592140634	457	2	validation	1
#00BFC4	0.34489573531793	458	2	validation	1
#00BFC4	0.34483016792535	459	2	validation	1
#00BFC4	0.344764888315503	460	2	validation	1
#00BFC4	0.344699894852894	461	2	validation	1
#00BFC4	0.344635185913822	462	2	validation	1
#00BFC4	0.344570759886274	463	2	validation	1
#00BFC4	0.344506615169822	464	2	validation	1
#00BFC4	0.344442750175519	465	2	validation	1
#00BFC4	0.344379163325803	466	2	validation	1
#00BFC4	0.344315853054389	467	2	validation	1
#00BFC4	0.344252817806178	468	2	validation	1
#00BFC4	0.344190056037155	469	2	validation	1
#00BFC4	0.344127566214292	470	2	validation	1
#00BFC4	0.344065346815453	471	2	validation	1
#00BFC4	0.344003396329299	472	2	validation	1
#00BFC4	0.343941713255193	473	2	validation	1
#00BFC4	0.343880296103109	474	2	validation	1
#00BFC4	0.343819143393539	475	2	validation	1
#00BFC4	0.3437582536574	476	2	validation	1
#00BFC4	0.343697625435948	477	2	validation	1
#00BFC4	0.343637257280684	478	2	validation	1
#00BFC4	0.34357714775327	479	2	validation	1
#00BFC4	0.343517295425438	480	2	validation	1
#00BFC4	0.343457698878908	481	2	validation	1
#00BFC4	0.343398356705296	482	2	validation	1
#00BFC4	0.343339267506035	483	2	validation	1
#00BFC4	0.343280429892289	484	2	validation	1
#00BFC4	0.343221842484868	485	2	validation	1
#00BFC4	0.34316350391415	486	2	validation	1
#00BFC4	0.343105412819996	487	2	validation	1
#00BFC4	0.34304756785167	488	2	validation	1
#00BFC4	0.342989967667761	489	2	validation	1
#00BFC4	0.342932610936104	490	2	validation	1
#00BFC4	0.342875496333699	491	2	validation	1
#00BFC4	0.342818622546637	492	2	validation	1
#00BFC4	0.342761988270021	493	2	validation	1
#00BFC4	0.342705592207891	494	2	validation	1
#00BFC4	0.34264943307315	495	2	validation	1
#00BFC4	0.342593509587488	496	2	validation	1
#00BFC4	0.34253782048131	497	2	validation	1
#00BFC4	0.342482364493662	498	2	validation	1
#00BFC4	0.342427140372159	499	2	validation	1
#00BFC4	0.342372146872914	500	2	validation	1
#00BFC4	0.342317382760467	501	2	validation	1
#00BFC4	0.342262846807715	502	2	validation	1
#00BFC4	0.342208537795845	503	2	validation	1
#00BFC4	0.342154454514258	504	2	validation	1
#00BFC4	0.342100595760513	505	2	validation	1
#00BFC4	0.342046960340247	506	2	validation	1
#00BFC4	0.341993547067118	507	2	validation	1
#00BFC4	0.341940354762735	508	2	validation	1
#00BFC4	0.341887382256591	509	2	validation	1
#00BFC4	0.341834628386002	510	2	validation	1
#00BFC4	0.341782091996042	511	2	validation	1
#00BFC4	0.341729771939477	512	2	validation	1
#00BFC4	0.341677667076705	513	2	validation	1
#00BFC4	0.341625776275692	514	2	validation	1
#00BFC4	0.341574098411914	515	2	validation	1
#00BFC4	0.341522632368289	516	2	validation	1
#00BFC4	0.341471377035124	517	2	validation	1
#00BFC4	0.341420331310051	518	2	validation	1
#00BFC4	0.341369494097968	519	2	validation	1
#00BFC4	0.341318864310982	520	2	validation	1
#00BFC4	0.341268440868348	521	2	validation	1
#00BFC4	0.341218222696417	522	2	validation	1
#00BFC4	0.341168208728571	523	2	validation	1
#00BFC4	0.341118397905173	524	2	validation	1
#00BFC4	0.341068789173508	525	2	validation	1
#00BFC4	0.34101938148773	526	2	validation	1
#00BFC4	0.340970173808803	527	2	validation	1
#00BFC4	0.340921165104452	528	2	validation	1
#00BFC4	0.340872354349103	529	2	validation	1
#00BFC4	0.340823740523835	530	2	validation	1
#00BFC4	0.340775322616326	531	2	validation	1
#00BFC4	0.340727099620798	532	2	validation	1
#00BFC4	0.340679070537968	533	2	validation	1
#00BFC4	0.340631234374994	534	2	validation	1
#00BFC4	0.340583590145428	535	2	validation	1
#00BFC4	0.340536136869163	536	2	validation	1
#00BFC4	0.340488873572381	537	2	validation	1
#00BFC4	0.340441799287508	538	2	validation	1
#00BFC4	0.340394913053163	539	2	validation	1
#00BFC4	0.34034821391411	540	2	validation	1
#00BFC4	0.340301700921206	541	2	validation	1
#00BFC4	0.340255373131362	542	2	validation	1
#00BFC4	0.340209229607485	543	2	validation	1
#00BFC4	0.34016326941844	544	2	validation	1
#00BFC4	0.340117491639001	545	2	validation	1
#00BFC4	0.340071895349802	546	2	validation	1
#00BFC4	0.340026479637296	547	2	validation	1
#00BFC4	0.339981243593707	548	2	validation	1
#00BFC4	0.339936186316987	549	2	validation	1
#00BFC4	0.33989130691077	550	2	validation	1
#00BFC4	0.339846604484332	551	2	validation	1
#00BFC4	0.339802078152541	552	2	validation	1
#00BFC4	0.33975772703582	553	2	validation	1
#00BFC4	0.339713550260104	554	2	validation	1
#00BFC4	0.339669546956792	555	2	validation	1
#00BFC4	0.339625716262713	556	2	validation	1
#00BFC4	0.339582057320078	557	2	validation	1
#00BFC4	0.339538569276442	558	2	validation	1
#00BFC4	0.339495251284664	559	2	validation	1
#00BFC4	0.339452102502864	560	2	validation	1
#00BFC4	0.339409122094386	561	2	validation	1
#00BFC4	0.339366309227756	562	2	validation	1
#00BFC4	0.339323663076643	563	2	validation	1
#00BFC4	0.339281182819821	564	2	validation	1
#00BFC4	0.339238867641132	565	2	validation	1
#00BFC4	0.339196716729442	566	2	validation	1
#00BFC4	0.339154729278611	567	2	validation	1
#00BFC4	0.339112904487448	568	2	validation	1
#00BFC4	0.33907124155968	569	2	validation	1
#00BFC4	0.33902973970391	570	2	validation	1
#00BFC4	0.338988398133585	571	2	validation	1
#00BFC4	0.338947216066955	572	2	validation	1
#00BFC4	0.338906192727042	573	2	validation	1
#00BFC4	0.338865327341602	574	2	validation	1
#00BFC4	0.338824619143088	575	2	validation	1
#00BFC4	0.338784067368617	576	2	validation	1
#00BFC4	0.338743671259938	577	2	validation	1
#00BFC4	0.338703430063393	578	2	validation	1
#00BFC4	0.338663343029883	579	2	validation	1
#00BFC4	0.33862340941484	580	2	validation	1
#00BFC4	0.338583628478186	581	2	validation	1
#00BFC4	0.338543999484306	582	2	validation	1
#00BFC4	0.338504521702012	583	2	validation	1
#00BFC4	0.338465194404511	584	2	validation	1
#00BFC4	0.338426016869373	585	2	validation	1
#00BFC4	0.338386988378498	586	2	validation	1
#00BFC4	0.338348108218086	587	2	validation	1
#00BFC4	0.338309375678605	588	2	validation	1
#00BFC4	0.338270790054758	589	2	validation	1
#00BFC4	0.338232350645455	590	2	validation	1
#00BFC4	0.33819405675378	591	2	validation	1
#00BFC4	0.338155907686962	592	2	validation	1
#00BFC4	0.338117902756346	593	2	validation	1
#00BFC4	0.338080041277358	594	2	validation	1
#00BFC4	0.338042322569483	595	2	validation	1
#00BFC4	0.338004745956228	596	2	validation	1
#00BFC4	0.3379673107651	597	2	validation	1
#00BFC4	0.337930016327572	598	2	validation	1
#00BFC4	0.337892861979056	599	2	validation	1
#00BFC4	0.337855847058876	600	2	validation	1
#00BFC4	0.337818970910237	601	2	validation	1
#00BFC4	0.337782232880202	602	2	validation	1
#00BFC4	0.337745632319657	603	2	validation	1
#00BFC4	0.337709168583291	604	2	validation	1
#00BFC4	0.337672841029566	605	2	validation	1
#00BFC4	0.337636649020688	606	2	validation	1
#00BFC4	0.337600591922583	607	2	validation	1
#00BFC4	0.33756466910487	608	2	validation	1
#00BFC4	0.337528879940833	609	2	validation	1
#00BFC4	0.337493223807399	610	2	validation	1
#00BFC4	0.337457700085106	611	2	validation	1
#00BFC4	0.337422308158085	612	2	validation	1
#00BFC4	0.337387047414027	613	2	validation	1
#00BFC4	0.337351917244164	614	2	validation	1
#00BFC4	0.337316917043241	615	2	validation	1
#00BFC4	0.337282046209491	616	2	validation	1
#00BFC4	0.337247304144612	617	2	validation	1
#00BFC4	0.337212690253742	618	2	validation	1
#00BFC4	0.337178203945434	619	2	validation	1
#00BFC4	0.337143844631633	620	2	validation	1
#00BFC4	0.337109611727654	621	2	validation	1
#00BFC4	0.337075504652154	622	2	validation	1
#00BFC4	0.337041522827114	623	2	validation	1
#00BFC4	0.33700766567781	624	2	validation	1
#00BFC4	0.336973932632796	625	2	validation	1
#00BFC4	0.336940323123878	626	2	validation	1
#00BFC4	0.336906836586091	627	2	validation	1
#00BFC4	0.336873472457678	628	2	validation	1
#00BFC4	0.336840230180068	629	2	validation	1
#00BFC4	0.336807109197851	630	2	validation	1
#00BFC4	0.336774108958762	631	2	validation	1
#00BFC4	0.336741228913653	632	2	validation	1
#00BFC4	0.336708468516476	633	2	validation	1
#00BFC4	0.336675827224259	634	2	validation	1
#00BFC4	0.336643304497086	635	2	validation	1
#00BFC4	0.336610899798078	636	2	validation	1
#00BFC4	0.336578612593367	637	2	validation	1
#00BFC4	0.336546442352081	638	2	validation	1
#00BFC4	0.33651438854632	639	2	validation	1
#00BFC4	0.336482450651137	640	2	validation	1
#00BFC4	0.336450628144518	641	2	validation	1
#00BFC4	0.336418920507362	642	2	validation	1
#00BFC4	0.336387327223461	643	2	validation	1
#00BFC4	0.336355847779479	644	2	validation	1
#00BFC4	0.336324481664936	645	2	validation	1
#00BFC4	0.336293228372184	646	2	validation	1
#00BFC4	0.336262087396394	647	2	validation	1
#00BFC4	0.33623105823553	648	2	validation	1
#00BFC4	0.336200140390334	649	2	validation	1
#00BFC4	0.336169333364309	650	2	validation	1
#00BFC4	0.336138636663697	651	2	validation	1
#00BFC4	0.336108049797462	652	2	validation	1
#00BFC4	0.33607757227727	653	2	validation	1
#00BFC4	0.336047203617474	654	2	validation	1
#00BFC4	0.336016943335096	655	2	validation	1
#00BFC4	0.335986790949805	656	2	validation	1
#00BFC4	0.335956745983903	657	2	validation	1
#00BFC4	0.335926807962307	658	2	validation	1
#00BFC4	0.335896976412531	659	2	validation	1
#00BFC4	0.335867250864667	660	2	validation	1
#00BFC4	0.335837630851373	661	2	validation	1
#00BFC4	0.335808115907849	662	2	validation	1
#00BFC4	0.335778705571827	663	2	validation	1
#00BFC4	0.335749399383549	664	2	validation	1
#00BFC4	0.335720196885753	665	2	validation	1
#00BFC4	0.335691097623655	666	2	validation	1
#00BFC4	0.335662101144937	667	2	validation	1
#00BFC4	0.335633206999723	668	2	validation	1
#00BFC4	0.33560441474057	669	2	validation	1
#00BFC4	0.33557572392245	670	2	validation	1
#00BFC4	0.335547134102731	671	2	validation	1
#00BFC4	0.335518644841166	672	2	validation	1
#00BFC4	0.335490255699874	673	2	validation	1
#00BFC4	0.335461966243327	674	2	validation	1
#00BFC4	0.335433776038333	675	2	validation	1
#00BFC4	0.33540568465402	676	2	validation	1
#00BFC4	0.335377691661823	677	2	validation	1
#00BFC4	0.335349796635469	678	2	validation	1
#00BFC4	0.33532199915096	679	2	validation	1
#00BFC4	0.33529429878656	680	2	validation	1
#00BFC4	0.335266695122779	681	2	validation	1
#00BFC4	0.335239187742361	682	2	validation	1
#00BFC4	0.335211776230266	683	2	validation	1
#00BFC4	0.335184460173658	684	2	validation	1
#00BFC4	0.335157239161891	685	2	validation	1
#00BFC4	0.335130112786495	686	2	validation	1
#00BFC4	0.335103080641158	687	2	validation	1
#00BFC4	0.335076142321718	688	2	validation	1
#00BFC4	0.335049297426147	689	2	validation	1
#00BFC4	0.335022545554535	690	2	validation	1
#00BFC4	0.334995886309079	691	2	validation	1
#00BFC4	0.33496931929407	692	2	validation	1
#00BFC4	0.334942844115877	693	2	validation	1
#00BFC4	0.334916460382936	694	2	validation	1
#00BFC4	0.334890167705736	695	2	validation	1
#00BFC4	0.334863965696806	696	2	validation	1
#00BFC4	0.334837853970702	697	2	validation	1
#00BFC4	0.334811832143994	698	2	validation	1
#00BFC4	0.334785899835254	699	2	validation	1
#00BFC4	0.334760056665042	700	2	validation	1
#00BFC4	0.334734302255895	701	2	validation	1
#00BFC4	0.334708636232314	702	2	validation	1
#00BFC4	0.334683058220749	703	2	validation	1
#00BFC4	0.334657567849592	704	2	validation	1
#00BFC4	0.33463216474916	705	2	validation	1
#00BFC4	0.334606848551685	706	2	validation	1
#00BFC4	0.334581618891302	707	2	validation	1
#00BFC4	0.334556475404036	708	2	validation	1
#00BFC4	0.334531417727793	709	2	validation	1
#00BFC4	0.334506445502344	710	2	validation	1
#00BFC4	0.334481558369315	711	2	validation	1
#00BFC4	0.334456755972178	712	2	validation	1
#00BFC4	0.334432037956237	713	2	validation	1
#00BFC4	0.334407403968615	714	2	validation	1
#00BFC4	0.334382853658247	715	2	validation	1
#00BFC4	0.334358386675866	716	2	validation	1
#00BFC4	0.33433400267399	717	2	validation	1
#00BFC4	0.334309701306916	718	2	validation	1
#00BFC4	0.334285482230706	719	2	validation	1
#00BFC4	0.334261345103174	720	2	validation	1
#00BFC4	0.334237289583879	721	2	validation	1
#00BFC4	0.334213315334114	722	2	validation	1
#00BFC4	0.334189422016891	723	2	validation	1
#00BFC4	0.334165609296935	724	2	validation	1
#00BFC4	0.334141876840672	725	2	validation	1
#00BFC4	0.334118224316218	726	2	validation	1
#00BFC4	0.334094651393371	727	2	validation	1
#00BFC4	0.334071157743595	728	2	validation	1
#00BFC4	0.334047743040016	729	2	validation	1
#00BFC4	0.33402440695741	730	2	validation	1
#00BFC4	0.33400114917219	731	2	validation	1
#00BFC4	0.333977969362401	732	2	validation	1
#00BFC4	0.333954867207706	733	2	validation	1
#00BFC4	0.333931842389377	734	2	validation	1
#00BFC4	0.333908894590287	735	2	validation	1
#00BFC4	0.333886023494898	736	2	validation	1
#00BFC4	0.333863228789254	737	2	validation	1
#00BFC4	0.333840510160967	738	2	validation	1
#00BFC4	0.333817867299214	739	2	validation	1
#00BFC4	0.333795299894721	740	2	validation	1
#00BFC4	0.333772807639758	741	2	validation	1
#00BFC4	0.333750390228128	742	2	validation	1
#00BFC4	0.333728047355157	743	2	validation	1
#00BFC4	0.333705778717688	744	2	validation	1
#00BFC4	0.333683584014068	745	2	validation	1
#00BFC4	0.33366146294414	746	2	validation	1
#00BFC4	0.333639415209237	747	2	validation	1
#00BFC4	0.33361744051217	748	2	validation	1
#00BFC4	0.333595538557218	749	2	validation	1
#00BFC4	0.333573709050124	750	2	validation	1
#00BFC4	0.333551951698082	751	2	validation	1
#00BFC4	0.33353026620973	752	2	validation	1
#00BFC4	0.333508652295141	753	2	validation	1
#00BFC4	0.333487109665816	754	2	validation	1
#00BFC4	0.333465638034671	755	2	validation	1
#00BFC4	0.333444237116036	756	2	validation	1
#00BFC4	0.333422906625638	757	2	validation	1
#00BFC4	0.333401646280602	758	2	validation	1
#00BFC4	0.333380455799432	759	2	validation	1
#00BFC4	0.333359334902015	760	2	validation	1
#00BFC4	0.333338283309602	761	2	validation	1
#00BFC4	0.333317300744805	762	2	validation	1
#00BFC4	0.333296386931591	763	2	validation	1
#00BFC4	0.333275541595269	764	2	validation	1
#00BFC4	0.333254764462485	765	2	validation	1
#00BFC4	0.333234055261215	766	2	validation	1
#00BFC4	0.333213413720755	767	2	validation	1
#00BFC4	0.333192839571715	768	2	validation	1
#00BFC4	0.333172332546008	769	2	validation	1
#00BFC4	0.333151892376849	770	2	validation	1
#00BFC4	0.33313151879874	771	2	validation	1
#00BFC4	0.333111211547468	772	2	validation	1
#00BFC4	0.333090970360092	773	2	validation	1
#00BFC4	0.333070794974944	774	2	validation	1
#00BFC4	0.333050685131612	775	2	validation	1
#00BFC4	0.33303064057094	776	2	validation	1
#00BFC4	0.333010661035016	777	2	validation	1
#00BFC4	0.332990746267169	778	2	validation	1
#00BFC4	0.332970896011956	779	2	validation	1
#00BFC4	0.332951110015163	780	2	validation	1
#00BFC4	0.332931388023789	781	2	validation	1
#00BFC4	0.332911729786046	782	2	validation	1
#00BFC4	0.332892135051349	783	2	validation	1
#00BFC4	0.332872603570309	784	2	validation	1
#00BFC4	0.332853135094726	785	2	validation	1
#00BFC4	0.332833729377584	786	2	validation	1
#00BFC4	0.332814386173043	787	2	validation	1
#00BFC4	0.33279510523643	788	2	validation	1
#00BFC4	0.332775886324236	789	2	validation	1
#00BFC4	0.332756729194109	790	2	validation	1
#00BFC4	0.332737633604844	791	2	validation	1
#00BFC4	0.33271859931638	792	2	validation	1
#00BFC4	0.332699626089792	793	2	validation	1
#00BFC4	0.332680713687284	794	2	validation	1
#00BFC4	0.332661861872185	795	2	validation	1
#00BFC4	0.332643070408938	796	2	validation	1
#00BFC4	0.332624339063098	797	2	validation	1
#00BFC4	0.332605667601327	798	2	validation	1
#00BFC4	0.332587055791379	799	2	validation	1
#00BFC4	0.332568503402106	800	2	validation	1
#00BFC4	0.33255001020344	801	2	validation	1
#00BFC4	0.332531575966397	802	2	validation	1
#00BFC4	0.332513200463064	803	2	validation	1
#00BFC4	0.332494883466596	804	2	validation	1
#00BFC4	0.332476624751208	805	2	validation	1
#00BFC4	0.332458424092172	806	2	validation	1
#00BFC4	0.332440281265808	807	2	validation	1
#00BFC4	0.332422196049482	808	2	validation	1
#00BFC4	0.332404168221595	809	2	validation	1
#00BFC4	0.33238619756158	810	2	validation	1
#00BFC4	0.332368283849897	811	2	validation	1
#00BFC4	0.332350426868027	812	2	validation	1
#00BFC4	0.332332626398464	813	2	validation	1
#00BFC4	0.332314882224712	814	2	validation	1
#00BFC4	0.332297194131277	815	2	validation	1
#00BFC4	0.332279561903665	816	2	validation	1
#00BFC4	0.332261985328372	817	2	validation	1
#00BFC4	0.332244464192883	818	2	validation	1
#00BFC4	0.332226998285661	819	2	validation	1
#00BFC4	0.332209587396148	820	2	validation	1
#00BFC4	0.332192231314754	821	2	validation	1
#00BFC4	0.332174929832856	822	2	validation	1
#00BFC4	0.332157682742788	823	2	validation	1
#00BFC4	0.332140489837842	824	2	validation	1
#00BFC4	0.332123350912256	825	2	validation	1
#00BFC4	0.332106265761213	826	2	validation	1
#00BFC4	0.332089234180834	827	2	validation	1
#00BFC4	0.332072255968175	828	2	validation	1
#00BFC4	0.332055330921219	829	2	validation	1
#00BFC4	0.332038458838873	830	2	validation	1
#00BFC4	0.332021639520962	831	2	validation	1
#00BFC4	0.332004872768224	832	2	validation	1
#00BFC4	0.331988158382305	833	2	validation	1
#00BFC4	0.331971496165755	834	2	validation	1
#00BFC4	0.331954885922022	835	2	validation	1
#00BFC4	0.331938327455447	836	2	validation	1
#00BFC4	0.331921820571259	837	2	validation	1
#00BFC4	0.331905365075572	838	2	validation	1
#00BFC4	0.331888960775379	839	2	validation	1
#00BFC4	0.331872607478545	840	2	validation	1
#00BFC4	0.331856304993807	841	2	validation	1
#00BFC4	0.331840053130765	842	2	validation	1
#00BFC4	0.331823851699878	843	2	validation	1
#00BFC4	0.331807700512463	844	2	validation	1
#00BFC4	0.331791599380687	845	2	validation	1
#00BFC4	0.33177554811756	846	2	validation	1
#00BFC4	0.331759546536938	847	2	validation	1
#00BFC4	0.331743594453511	848	2	validation	1
#00BFC4	0.331727691682801	849	2	validation	1
#00BFC4	0.331711838041162	850	2	validation	1
#00BFC4	0.331696033345766	851	2	validation	1
#00BFC4	0.331680277414609	852	2	validation	1
#00BFC4	0.331664570066499	853	2	validation	1
#00BFC4	0.331648911121055	854	2	validation	1
#00BFC4	0.331633300398701	855	2	validation	1
#00BFC4	0.331617737720665	856	2	validation	1
#00BFC4	0.33160222290897	857	2	validation	1
#00BFC4	0.331586755786434	858	2	validation	1
#00BFC4	0.331571336176664	859	2	validation	1
#00BFC4	0.331555963904048	860	2	validation	1
#00BFC4	0.331540638793761	861	2	validation	1
#00BFC4	0.331525360671748	862	2	validation	1
#00BFC4	0.33151012936473	863	2	validation	1
#00BFC4	0.331494944700196	864	2	validation	1
#00BFC4	0.331479806506398	865	2	validation	1
#00BFC4	0.331464714612347	866	2	validation	1
#00BFC4	0.331449668847814	867	2	validation	1
#00BFC4	0.331434669043317	868	2	validation	1
#00BFC4	0.331419715030125	869	2	validation	1
#00BFC4	0.331404806640252	870	2	validation	1
#00BFC4	0.33138994370645	871	2	validation	1
#00BFC4	0.331375126062207	872	2	validation	1
#00BFC4	0.331360353541746	873	2	validation	1
#00BFC4	0.331345625980017	874	2	validation	1
#00BFC4	0.331330943212693	875	2	validation	1
#00BFC4	0.331316305076171	876	2	validation	1
#00BFC4	0.331301711407564	877	2	validation	1
#00BFC4	0.331287162044698	878	2	validation	1
#00BFC4	0.331272656826109	879	2	validation	1
#00BFC4	0.331258195591038	880	2	validation	1
#00BFC4	0.33124377817943	881	2	validation	1
#00BFC4	0.331229404431927	882	2	validation	1
#00BFC4	0.331215074189867	883	2	validation	1
#00BFC4	0.33120078729528	884	2	validation	1
#00BFC4	0.331186543590881	885	2	validation	1
#00BFC4	0.331172342920072	886	2	validation	1
#00BFC4	0.331158185126934	887	2	validation	1
#00BFC4	0.331144070056225	888	2	validation	1
#00BFC4	0.331129997553379	889	2	validation	1
#00BFC4	0.331115967464497	890	2	validation	1
#00BFC4	0.331101979636348	891	2	validation	1
#00BFC4	0.331088033916364	892	2	validation	1
#00BFC4	0.331074130152636	893	2	validation	1
#00BFC4	0.331060268193914	894	2	validation	1
#00BFC4	0.331046447889598	895	2	validation	1
#00BFC4	0.331032669089739	896	2	validation	1
#00BFC4	0.331018931645034	897	2	validation	1
#00BFC4	0.331005235406822	898	2	validation	1
#00BFC4	0.330991580227083	899	2	validation	1
#00BFC4	0.330977965958434	900	2	validation	1
#00BFC4	0.330964392454122	901	2	validation	1
#00BFC4	0.330950859568027	902	2	validation	1
#00BFC4	0.330937367154654	903	2	validation	1
#00BFC4	0.330923915069132	904	2	validation	1
#00BFC4	0.330910503167211	905	2	validation	1
#00BFC4	0.330897131305256	906	2	validation	1
#00BFC4	0.330883799340247	907	2	validation	1
#00BFC4	0.330870507129775	908	2	validation	1
#00BFC4	0.330857254532039	909	2	validation	1
#00BFC4	0.330844041405842	910	2	validation	1
#00BFC4	0.330830867610589	911	2	validation	1
#00BFC4	0.330817733006283	912	2	validation	1
#00BFC4	0.330804637453523	913	2	validation	1
#00BFC4	0.330791580813499	914	2	validation	1
#00BFC4	0.330778562947992	915	2	validation	1
#00BFC4	0.330765583719369	916	2	validation	1
#00BFC4	0.33075264299058	917	2	validation	1
#00BFC4	0.330739740625158	918	2	validation	1
#00BFC4	0.330726876487209	919	2	validation	1
#00BFC4	0.330714050441418	920	2	validation	1
#00BFC4	0.330701262353039	921	2	validation	1
#00BFC4	0.330688512087896	922	2	validation	1
#00BFC4	0.330675799512381	923	2	validation	1
#00BFC4	0.330663124493445	924	2	validation	1
#00BFC4	0.330650486898604	925	2	validation	1
#00BFC4	0.330637886595927	926	2	validation	1
#00BFC4	0.330625323454042	927	2	validation	1
#00BFC4	0.330612797342127	928	2	validation	1
#00BFC4	0.330600308129909	929	2	validation	1
#00BFC4	0.330587855687662	930	2	validation	1
#00BFC4	0.330575439886205	931	2	validation	1
#00BFC4	0.330563060596896	932	2	validation	1
#00BFC4	0.330550717691632	933	2	validation	1
#00BFC4	0.330538411042847	934	2	validation	1
#00BFC4	0.330526140523506	935	2	validation	1
#00BFC4	0.330513906007107	936	2	validation	1
#00BFC4	0.330501707367674	937	2	validation	1
#00BFC4	0.330489544479756	938	2	validation	1
#00BFC4	0.330477417218426	939	2	validation	1
#00BFC4	0.330465325459275	940	2	validation	1
#00BFC4	0.330453269078413	941	2	validation	1
#00BFC4	0.330441247952465	942	2	validation	1
#00BFC4	0.330429261958566	943	2	validation	1
#00BFC4	0.330417310974364	944	2	validation	1
#00BFC4	0.330405394878013	945	2	validation	1
#00BFC4	0.33039351354817	946	2	validation	1
#00BFC4	0.330381666863996	947	2	validation	1
#00BFC4	0.330369854705153	948	2	validation	1
#00BFC4	0.330358076951798	949	2	validation	1
#00BFC4	0.330346333484584	950	2	validation	1
#00BFC4	0.330334624184657	951	2	validation	1
#00BFC4	0.330322948933651	952	2	validation	1
#00BFC4	0.330311307613691	953	2	validation	1
#00BFC4	0.330299700107385	954	2	validation	1
#00BFC4	0.330288126297824	955	2	validation	1
#00BFC4	0.33027658606858	956	2	validation	1
#00BFC4	0.330265079303704	957	2	validation	1
#00BFC4	0.330253605887721	958	2	validation	1
#00BFC4	0.330242165705633	959	2	validation	1
#00BFC4	0.330230758642909	960	2	validation	1
#00BFC4	0.330219384585489	961	2	validation	1
#00BFC4	0.330208043419782	962	2	validation	1
#00BFC4	0.330196735032657	963	2	validation	1
#00BFC4	0.330185459311448	964	2	validation	1
#00BFC4	0.330174216143949	965	2	validation	1
#00BFC4	0.330163005418412	966	2	validation	1
#00BFC4	0.330151827023541	967	2	validation	1
#00BFC4	0.330140680848499	968	2	validation	1
#00BFC4	0.330129566782895	969	2	validation	1
#00BFC4	0.330118484716791	970	2	validation	1
#00BFC4	0.330107434540692	971	2	validation	1
#00BFC4	0.330096416145551	972	2	validation	1
#00BFC4	0.330085429422761	973	2	validation	1
#00BFC4	0.330074474264158	974	2	validation	1
#00BFC4	0.330063550562014	975	2	validation	1
#00BFC4	0.330052658209037	976	2	validation	1
#00BFC4	0.330041797098371	977	2	validation	1
#00BFC4	0.330030967123592	978	2	validation	1
#00BFC4	0.330020168178703	979	2	validation	1
#00BFC4	0.330009400158138	980	2	validation	1
#00BFC4	0.329998662956755	981	2	validation	1
#00BFC4	0.329987956469836	982	2	validation	1
#00BFC4	0.329977280593087	983	2	validation	1
#00BFC4	0.32996663522263	984	2	validation	1
#00BFC4	0.329956020255009	985	2	validation	1
#00BFC4	0.329945435587179	986	2	validation	1
#00BFC4	0.329934881116513	987	2	validation	1
#00BFC4	0.329924356740793	988	2	validation	1
#00BFC4	0.329913862358213	989	2	validation	1
#00BFC4	0.329903397867374	990	2	validation	1
#00BFC4	0.329892963167283	991	2	validation	1
#00BFC4	0.32988255815735	992	2	validation	1
#00BFC4	0.329872182737389	993	2	validation	1
#00BFC4	0.329861836807614	994	2	validation	1
#00BFC4	0.329851520268636	995	2	validation	1
#00BFC4	0.329841233021464	996	2	validation	1
#00BFC4	0.3298309749675	997	2	validation	1
#00BFC4	0.329820746008541	998	2	validation	1
#00BFC4	0.329810546046773	999	2	validation	1
#00BFC4	0.329800374984773	1000	2	validation	1
#F8766D	1.27968485571605	1	1	subtrain	2
#F8766D	1.12834572245713	2	1	subtrain	2
#F8766D	1.03767991258221	3	1	subtrain	2
#F8766D	1.18025520764956	4	1	subtrain	2
#F8766D	0.96952864321322	5	1	subtrain	2
#F8766D	1.27744247878853	6	1	subtrain	2
#F8766D	0.678410715135181	7	1	subtrain	2
#F8766D	0.867460207831665	8	1	subtrain	2
#F8766D	0.748018446955693	9	1	subtrain	2
#F8766D	0.991455124029886	10	1	subtrain	2
#F8766D	0.575270092455292	11	1	subtrain	2
#F8766D	0.710256888468399	12	1	subtrain	2
#F8766D	0.593266983057225	13	1	subtrain	2
#F8766D	0.698149112120775	14	1	subtrain	2
#F8766D	0.546014025252284	15	1	subtrain	2
#F8766D	0.605129996017506	16	1	subtrain	2
#F8766D	0.508823258942134	17	1	subtrain	2
#F8766D	0.541698126808085	18	1	subtrain	2
#F8766D	0.469462228564172	19	1	subtrain	2
#F8766D	0.480424707122438	20	1	subtrain	2
#F8766D	0.433493596221662	21	1	subtrain	2
#F8766D	0.430331481972213	22	1	subtrain	2
#F8766D	0.400080188578931	23	1	subtrain	2
#F8766D	0.392061679435867	24	1	subtrain	2
#F8766D	0.372884904953367	25	1	subtrain	2
#F8766D	0.364151620670482	26	1	subtrain	2
#F8766D	0.35311954940924	27	1	subtrain	2
#F8766D	0.34636888846377	28	1	subtrain	2
#F8766D	0.339792296007758	29	1	subtrain	2
#F8766D	0.333449145667141	30	1	subtrain	2
#F8766D	0.328243974920534	31	1	subtrain	2
#F8766D	0.323340086214775	32	1	subtrain	2
#F8766D	0.317910073814914	33	1	subtrain	2
#F8766D	0.312847920801184	34	1	subtrain	2
#F8766D	0.308123874153573	35	1	subtrain	2
#F8766D	0.30411949279405	36	1	subtrain	2
#F8766D	0.299646269934605	37	1	subtrain	2
#F8766D	0.296017625146878	38	1	subtrain	2
#F8766D	0.292387604816941	39	1	subtrain	2
#F8766D	0.289246714509563	40	1	subtrain	2
#F8766D	0.286392882717299	41	1	subtrain	2
#F8766D	0.283649777026602	42	1	subtrain	2
#F8766D	0.280894281272306	43	1	subtrain	2
#F8766D	0.27850112298178	44	1	subtrain	2
#F8766D	0.276197668023217	45	1	subtrain	2
#F8766D	0.273981689248504	46	1	subtrain	2
#F8766D	0.272095938097552	47	1	subtrain	2
#F8766D	0.270155054450081	48	1	subtrain	2
#F8766D	0.268392695188383	49	1	subtrain	2
#F8766D	0.266679137079743	50	1	subtrain	2
#F8766D	0.265082349143086	51	1	subtrain	2
#F8766D	0.263601922583069	52	1	subtrain	2
#F8766D	0.262198098811217	53	1	subtrain	2
#F8766D	0.260824523378245	54	1	subtrain	2
#F8766D	0.259449369688749	55	1	subtrain	2
#F8766D	0.25814377482698	56	1	subtrain	2
#F8766D	0.256853240409725	57	1	subtrain	2
#F8766D	0.25557241336589	58	1	subtrain	2
#F8766D	0.254268990606543	59	1	subtrain	2
#F8766D	0.252900197808996	60	1	subtrain	2
#F8766D	0.251555264475866	61	1	subtrain	2
#F8766D	0.250213141135305	62	1	subtrain	2
#F8766D	0.248887301484706	63	1	subtrain	2
#F8766D	0.247573507247218	64	1	subtrain	2
#F8766D	0.246345439326923	65	1	subtrain	2
#F8766D	0.245131184713103	66	1	subtrain	2
#F8766D	0.243754628573353	67	1	subtrain	2
#F8766D	0.242516423367445	68	1	subtrain	2
#F8766D	0.241235099072218	69	1	subtrain	2
#F8766D	0.239979840486373	70	1	subtrain	2
#F8766D	0.238840901732264	71	1	subtrain	2
#F8766D	0.237551913999909	72	1	subtrain	2
#F8766D	0.236490059016148	73	1	subtrain	2
#F8766D	0.23514900236796	74	1	subtrain	2
#F8766D	0.234089928986991	75	1	subtrain	2
#F8766D	0.232756779224885	76	1	subtrain	2
#F8766D	0.231721934685539	77	1	subtrain	2
#F8766D	0.23038210907642	78	1	subtrain	2
#F8766D	0.229360653716594	79	1	subtrain	2
#F8766D	0.228026455265719	80	1	subtrain	2
#F8766D	0.226997112880665	81	1	subtrain	2
#F8766D	0.225662926047847	82	1	subtrain	2
#F8766D	0.224647317876507	83	1	subtrain	2
#F8766D	0.223329335677445	84	1	subtrain	2
#F8766D	0.222307194898274	85	1	subtrain	2
#F8766D	0.220981774453427	86	1	subtrain	2
#F8766D	0.219967524192138	87	1	subtrain	2
#F8766D	0.218666756726059	88	1	subtrain	2
#F8766D	0.217669749396174	89	1	subtrain	2
#F8766D	0.216394929284972	90	1	subtrain	2
#F8766D	0.215407106148437	91	1	subtrain	2
#F8766D	0.214127443346604	92	1	subtrain	2
#F8766D	0.213153810759839	93	1	subtrain	2
#F8766D	0.211936349077642	94	1	subtrain	2
#F8766D	0.210988762189304	95	1	subtrain	2
#F8766D	0.209767469760053	96	1	subtrain	2
#F8766D	0.208836800252701	97	1	subtrain	2
#F8766D	0.207661313635337	98	1	subtrain	2
#F8766D	0.20674170558481	99	1	subtrain	2
#F8766D	0.205558147280936	100	1	subtrain	2
#F8766D	0.204655285292862	101	1	subtrain	2
#F8766D	0.203518464874406	102	1	subtrain	2
#F8766D	0.202631429467549	103	1	subtrain	2
#F8766D	0.201499793752778	104	1	subtrain	2
#F8766D	0.200640329490566	105	1	subtrain	2
#F8766D	0.199529791071059	106	1	subtrain	2
#F8766D	0.198685160142123	107	1	subtrain	2
#F8766D	0.197593843380076	108	1	subtrain	2
#F8766D	0.196764230156635	109	1	subtrain	2
#F8766D	0.195672478203402	110	1	subtrain	2
#F8766D	0.194859741537824	111	1	subtrain	2
#F8766D	0.193806778033016	112	1	subtrain	2
#F8766D	0.193005868877969	113	1	subtrain	2
#F8766D	0.191959763419937	114	1	subtrain	2
#F8766D	0.191168227061564	115	1	subtrain	2
#F8766D	0.190154828445536	116	1	subtrain	2
#F8766D	0.189360124707556	117	1	subtrain	2
#F8766D	0.188361575624605	118	1	subtrain	2
#F8766D	0.187587408041274	119	1	subtrain	2
#F8766D	0.18662413038668	120	1	subtrain	2
#F8766D	0.185866922100499	121	1	subtrain	2
#F8766D	0.184919501280409	122	1	subtrain	2
#F8766D	0.184151130304444	123	1	subtrain	2
#F8766D	0.183219014516022	124	1	subtrain	2
#F8766D	0.182472311236331	125	1	subtrain	2
#F8766D	0.181550951448221	126	1	subtrain	2
#F8766D	0.180826875610126	127	1	subtrain	2
#F8766D	0.17991660535666	128	1	subtrain	2
#F8766D	0.179211897278783	129	1	subtrain	2
#F8766D	0.178319280265345	130	1	subtrain	2
#F8766D	0.177627231801798	131	1	subtrain	2
#F8766D	0.176739887162957	132	1	subtrain	2
#F8766D	0.176063239283416	133	1	subtrain	2
#F8766D	0.175183621799181	134	1	subtrain	2
#F8766D	0.174526883104729	135	1	subtrain	2
#F8766D	0.173652560562026	136	1	subtrain	2
#F8766D	0.173016201670915	137	1	subtrain	2
#F8766D	0.172141515116119	138	1	subtrain	2
#F8766D	0.171560519087437	139	1	subtrain	2
#F8766D	0.170714037478148	140	1	subtrain	2
#F8766D	0.170098484647383	141	1	subtrain	2
#F8766D	0.169245391105852	142	1	subtrain	2
#F8766D	0.168635905352029	143	1	subtrain	2
#F8766D	0.167799016835544	144	1	subtrain	2
#F8766D	0.167247710027174	145	1	subtrain	2
#F8766D	0.16642246353118	146	1	subtrain	2
#F8766D	0.165834618383743	147	1	subtrain	2
#F8766D	0.165014714263109	148	1	subtrain	2
#F8766D	0.164448713797216	149	1	subtrain	2
#F8766D	0.163652556532134	150	1	subtrain	2
#F8766D	0.163093773503414	151	1	subtrain	2
#F8766D	0.162316484786868	152	1	subtrain	2
#F8766D	0.161752239942814	153	1	subtrain	2
#F8766D	0.160985087234649	154	1	subtrain	2
#F8766D	0.160439376429283	155	1	subtrain	2
#F8766D	0.159700869514765	156	1	subtrain	2
#F8766D	0.159149978196753	157	1	subtrain	2
#F8766D	0.158413931271906	158	1	subtrain	2
#F8766D	0.157871491956891	159	1	subtrain	2
#F8766D	0.1571655943369	160	1	subtrain	2
#F8766D	0.156616124224562	161	1	subtrain	2
#F8766D	0.155929256302316	162	1	subtrain	2
#F8766D	0.155377830112075	163	1	subtrain	2
#F8766D	0.154716978503019	164	1	subtrain	2
#F8766D	0.154160884031612	165	1	subtrain	2
#F8766D	0.153517606043781	166	1	subtrain	2
#F8766D	0.152955149121001	167	1	subtrain	2
#F8766D	0.152339807793027	168	1	subtrain	2
#F8766D	0.151770633551232	169	1	subtrain	2
#F8766D	0.151172267063619	170	1	subtrain	2
#F8766D	0.150605330284621	171	1	subtrain	2
#F8766D	0.150044120748217	172	1	subtrain	2
#F8766D	0.149460823092826	173	1	subtrain	2
#F8766D	0.148930518286121	174	1	subtrain	2
#F8766D	0.148337254588783	175	1	subtrain	2
#F8766D	0.147813929900218	176	1	subtrain	2
#F8766D	0.147210061620759	177	1	subtrain	2
#F8766D	0.14671500732722	178	1	subtrain	2
#F8766D	0.146108269617189	179	1	subtrain	2
#F8766D	0.145633295852257	180	1	subtrain	2
#F8766D	0.14502528808744	181	1	subtrain	2
#F8766D	0.144573198298044	182	1	subtrain	2
#F8766D	0.143949934730635	183	1	subtrain	2
#F8766D	0.14353011421195	184	1	subtrain	2
#F8766D	0.142892486155207	185	1	subtrain	2
#F8766D	0.142500511201866	186	1	subtrain	2
#F8766D	0.141861070425835	187	1	subtrain	2
#F8766D	0.141511718480853	188	1	subtrain	2
#F8766D	0.140835792969008	189	1	subtrain	2
#F8766D	0.140497741573651	190	1	subtrain	2
#F8766D	0.139818839347612	191	1	subtrain	2
#F8766D	0.13945081291525	192	1	subtrain	2
#F8766D	0.138760870256791	193	1	subtrain	2
#F8766D	0.13823553857321	194	1	subtrain	2
#F8766D	0.137802793341552	195	1	subtrain	2
#F8766D	0.137186719504202	196	1	subtrain	2
#F8766D	0.136731986387962	197	1	subtrain	2
#F8766D	0.136286646679711	198	1	subtrain	2
#F8766D	0.135692681150571	199	1	subtrain	2
#F8766D	0.135232119904393	200	1	subtrain	2
#F8766D	0.134822572314732	201	1	subtrain	2
#F8766D	0.134290087850192	202	1	subtrain	2
#F8766D	0.133867426478963	203	1	subtrain	2
#F8766D	0.133446882441922	204	1	subtrain	2
#F8766D	0.132960059554827	205	1	subtrain	2
#F8766D	0.132520178905026	206	1	subtrain	2
#F8766D	0.132082199647654	207	1	subtrain	2
#F8766D	0.13153333454658	208	1	subtrain	2
#F8766D	0.131369860985979	209	1	subtrain	2
#F8766D	0.130712963402305	210	1	subtrain	2
#F8766D	0.130235823356945	211	1	subtrain	2
#F8766D	0.129925108633356	212	1	subtrain	2
#F8766D	0.12937567540573	213	1	subtrain	2
#F8766D	0.129006829369128	214	1	subtrain	2
#F8766D	0.128626572537601	215	1	subtrain	2
#F8766D	0.128103088664207	216	1	subtrain	2
#F8766D	0.127826004166609	217	1	subtrain	2
#F8766D	0.12733453067364	218	1	subtrain	2
#F8766D	0.126884163518712	219	1	subtrain	2
#F8766D	0.126540135634262	220	1	subtrain	2
#F8766D	0.12607298818002	221	1	subtrain	2
#F8766D	0.125697574081165	222	1	subtrain	2
#F8766D	0.125315203307807	223	1	subtrain	2
#F8766D	0.124866722702123	224	1	subtrain	2
#F8766D	0.124720960139052	225	1	subtrain	2
#F8766D	0.124091831842274	226	1	subtrain	2
#F8766D	0.123696161801273	227	1	subtrain	2
#F8766D	0.123382279913669	228	1	subtrain	2
#F8766D	0.122866043399563	229	1	subtrain	2
#F8766D	0.122580226126457	230	1	subtrain	2
#F8766D	0.122210323042292	231	1	subtrain	2
#F8766D	0.12173912566065	232	1	subtrain	2
#F8766D	0.121631189601908	233	1	subtrain	2
#F8766D	0.121027418524408	234	1	subtrain	2
#F8766D	0.120599119504497	235	1	subtrain	2
#F8766D	0.120365425588093	236	1	subtrain	2
#F8766D	0.119878418357667	237	1	subtrain	2
#F8766D	0.11953786466397	238	1	subtrain	2
#F8766D	0.119247684880347	239	1	subtrain	2
#F8766D	0.118779396238579	240	1	subtrain	2
#F8766D	0.118473418540826	241	1	subtrain	2
#F8766D	0.118139648860812	242	1	subtrain	2
#F8766D	0.117710063188435	243	1	subtrain	2
#F8766D	0.117420089693804	244	1	subtrain	2
#F8766D	0.11707078841066	245	1	subtrain	2
#F8766D	0.116701542557064	246	1	subtrain	2
#F8766D	0.116584179011185	247	1	subtrain	2
#F8766D	0.116026265504056	248	1	subtrain	2
#F8766D	0.115631339867634	249	1	subtrain	2
#F8766D	0.115429766492573	250	1	subtrain	2
#F8766D	0.115000612358695	251	1	subtrain	2
#F8766D	0.114682195996812	252	1	subtrain	2
#F8766D	0.114509081405123	253	1	subtrain	2
#F8766D	0.113954920095656	254	1	subtrain	2
#F8766D	0.113636893449309	255	1	subtrain	2
#F8766D	0.113376601074067	256	1	subtrain	2
#F8766D	0.112926544034921	257	1	subtrain	2
#F8766D	0.112671795727949	258	1	subtrain	2
#F8766D	0.112401041404369	259	1	subtrain	2
#F8766D	0.111965568384641	260	1	subtrain	2
#F8766D	0.111681167520692	261	1	subtrain	2
#F8766D	0.111516125374078	262	1	subtrain	2
#F8766D	0.111010376858079	263	1	subtrain	2
#F8766D	0.11086106892819	264	1	subtrain	2
#F8766D	0.110442261487775	265	1	subtrain	2
#F8766D	0.11006517964283	266	1	subtrain	2
#F8766D	0.109896694266234	267	1	subtrain	2
#F8766D	0.109504724517554	268	1	subtrain	2
#F8766D	0.109170395659408	269	1	subtrain	2
#F8766D	0.108972693511501	270	1	subtrain	2
#F8766D	0.108640196813494	271	1	subtrain	2
#F8766D	0.108251866120892	272	1	subtrain	2
#F8766D	0.108064997587851	273	1	subtrain	2
#F8766D	0.107745913017831	274	1	subtrain	2
#F8766D	0.107371226948839	275	1	subtrain	2
#F8766D	0.107152798330974	276	1	subtrain	2
#F8766D	0.106860089399988	277	1	subtrain	2
#F8766D	0.106541569077419	278	1	subtrain	2
#F8766D	0.106245542488231	279	1	subtrain	2
#F8766D	0.105993367685945	280	1	subtrain	2
#F8766D	0.105669893526237	281	1	subtrain	2
#F8766D	0.105391383545784	282	1	subtrain	2
#F8766D	0.105154278758362	283	1	subtrain	2
#F8766D	0.104811243401225	284	1	subtrain	2
#F8766D	0.104534705954887	285	1	subtrain	2
#F8766D	0.104330569898227	286	1	subtrain	2
#F8766D	0.103976670211606	287	1	subtrain	2
#F8766D	0.103709686869682	288	1	subtrain	2
#F8766D	0.103513809774873	289	1	subtrain	2
#F8766D	0.103154838803061	290	1	subtrain	2
#F8766D	0.10284798551155	291	1	subtrain	2
#F8766D	0.102637568193918	292	1	subtrain	2
#F8766D	0.102241659703089	293	1	subtrain	2
#F8766D	0.10194976037167	294	1	subtrain	2
#F8766D	0.101755069809556	295	1	subtrain	2
#F8766D	0.101360318709475	296	1	subtrain	2
#F8766D	0.101082265350836	297	1	subtrain	2
#F8766D	0.100902085145747	298	1	subtrain	2
#F8766D	0.100569325806192	299	1	subtrain	2
#F8766D	0.100203307816674	300	1	subtrain	2
#F8766D	0.0999660197393952	301	1	subtrain	2
#F8766D	0.0997235990290301	302	1	subtrain	2
#F8766D	0.0993503744724694	303	1	subtrain	2
#F8766D	0.0990948556085626	304	1	subtrain	2
#F8766D	0.0989103955872527	305	1	subtrain	2
#F8766D	0.0985333983963958	306	1	subtrain	2
#F8766D	0.0982486159579965	307	1	subtrain	2
#F8766D	0.0982025612931279	308	1	subtrain	2
#F8766D	0.0977727384888369	309	1	subtrain	2
#F8766D	0.0974591803708747	310	1	subtrain	2
#F8766D	0.0973053691994429	311	1	subtrain	2
#F8766D	0.097139399635609	312	1	subtrain	2
#F8766D	0.096713960516181	313	1	subtrain	2
#F8766D	0.0964456721743788	314	1	subtrain	2
#F8766D	0.0963911443485576	315	1	subtrain	2
#F8766D	0.0959673293548832	316	1	subtrain	2
#F8766D	0.0956633636404001	317	1	subtrain	2
#F8766D	0.0955216126156623	318	1	subtrain	2
#F8766D	0.0953827445297182	319	1	subtrain	2
#F8766D	0.0949599139578766	320	1	subtrain	2
#F8766D	0.0946210607168929	321	1	subtrain	2
#F8766D	0.0944122929420824	322	1	subtrain	2
#F8766D	0.0940256267277145	323	1	subtrain	2
#F8766D	0.0936550766324153	324	1	subtrain	2
#F8766D	0.0934041279096326	325	1	subtrain	2
#F8766D	0.0931477416513579	326	1	subtrain	2
#F8766D	0.0927633578033822	327	1	subtrain	2
#F8766D	0.0924577980544534	328	1	subtrain	2
#F8766D	0.0922401008824498	329	1	subtrain	2
#F8766D	0.0919307220136652	330	1	subtrain	2
#F8766D	0.0915495218694168	331	1	subtrain	2
#F8766D	0.0913311770334374	332	1	subtrain	2
#F8766D	0.091096361631173	333	1	subtrain	2
#F8766D	0.0907929434316864	334	1	subtrain	2
#F8766D	0.0904290502033773	335	1	subtrain	2
#F8766D	0.0902588577397273	336	1	subtrain	2
#F8766D	0.089980874407679	337	1	subtrain	2
#F8766D	0.0896536336825139	338	1	subtrain	2
#F8766D	0.0894038290284769	339	1	subtrain	2
#F8766D	0.0891938763914145	340	1	subtrain	2
#F8766D	0.0889076915785383	341	1	subtrain	2
#F8766D	0.0886053418364632	342	1	subtrain	2
#F8766D	0.0883988722461561	343	1	subtrain	2
#F8766D	0.0881725593519266	344	1	subtrain	2
#F8766D	0.0878627272983853	345	1	subtrain	2
#F8766D	0.0875826344387353	346	1	subtrain	2
#F8766D	0.0873976405857236	347	1	subtrain	2
#F8766D	0.0871447196626432	348	1	subtrain	2
#F8766D	0.0868664625271745	349	1	subtrain	2
#F8766D	0.0865822157689737	350	1	subtrain	2
#F8766D	0.0864109635085529	351	1	subtrain	2
#F8766D	0.0862011838416524	352	1	subtrain	2
#F8766D	0.0858826017971492	353	1	subtrain	2
#F8766D	0.0856308889164522	354	1	subtrain	2
#F8766D	0.0854359881881047	355	1	subtrain	2
#F8766D	0.0852447280396826	356	1	subtrain	2
#F8766D	0.0849272636623958	357	1	subtrain	2
#F8766D	0.0846905531465311	358	1	subtrain	2
#F8766D	0.0844937842945355	359	1	subtrain	2
#F8766D	0.0843098905263674	360	1	subtrain	2
#F8766D	0.0839979709821492	361	1	subtrain	2
#F8766D	0.0837792594789972	362	1	subtrain	2
#F8766D	0.0835793276970933	363	1	subtrain	2
#F8766D	0.0834156956213968	364	1	subtrain	2
#F8766D	0.0831146330212904	365	1	subtrain	2
#F8766D	0.0828712268267674	366	1	subtrain	2
#F8766D	0.082652630974626	367	1	subtrain	2
#F8766D	0.0825072485848883	368	1	subtrain	2
#F8766D	0.0822993411529361	369	1	subtrain	2
#F8766D	0.0820215253795992	370	1	subtrain	2
#F8766D	0.081781520801389	371	1	subtrain	2
#F8766D	0.0815830550353729	372	1	subtrain	2
#F8766D	0.0814453526209723	373	1	subtrain	2
#F8766D	0.0812417564838794	374	1	subtrain	2
#F8766D	0.080949674516949	375	1	subtrain	2
#F8766D	0.0807269258260292	376	1	subtrain	2
#F8766D	0.0805450368653074	377	1	subtrain	2
#F8766D	0.0804154502961293	378	1	subtrain	2
#F8766D	0.0802202919128765	379	1	subtrain	2
#F8766D	0.0799257498079541	380	1	subtrain	2
#F8766D	0.0797103462891432	381	1	subtrain	2
#F8766D	0.0795098642169613	382	1	subtrain	2
#F8766D	0.0793645804994649	383	1	subtrain	2
#F8766D	0.0792146118750716	384	1	subtrain	2
#F8766D	0.078943650022768	385	1	subtrain	2
#F8766D	0.0787172867894321	386	1	subtrain	2
#F8766D	0.0785246502269077	387	1	subtrain	2
#F8766D	0.0783658394035608	388	1	subtrain	2
#F8766D	0.0782468678723125	389	1	subtrain	2
#F8766D	0.0779717521041164	390	1	subtrain	2
#F8766D	0.0777608722896137	391	1	subtrain	2
#F8766D	0.0775600524127423	392	1	subtrain	2
#F8766D	0.0773901438988516	393	1	subtrain	2
#F8766D	0.0773743006579886	394	1	subtrain	2
#F8766D	0.0770420661390508	395	1	subtrain	2
#F8766D	0.0768365746306944	396	1	subtrain	2
#F8766D	0.0766388138534776	397	1	subtrain	2
#F8766D	0.0764796622931307	398	1	subtrain	2
#F8766D	0.076377257586976	399	1	subtrain	2
#F8766D	0.0762839787900874	400	1	subtrain	2
#F8766D	0.0760390257632407	401	1	subtrain	2
#F8766D	0.07585734716376	402	1	subtrain	2
#F8766D	0.0756900720672369	403	1	subtrain	2
#F8766D	0.075563351364745	404	1	subtrain	2
#F8766D	0.0755810960933245	405	1	subtrain	2
#F8766D	0.0752723163062808	406	1	subtrain	2
#F8766D	0.0750973682283899	407	1	subtrain	2
#F8766D	0.0749205134800206	408	1	subtrain	2
#F8766D	0.0747745277193371	409	1	subtrain	2
#F8766D	0.0747345722717294	410	1	subtrain	2
#F8766D	0.0745423682938463	411	1	subtrain	2
#F8766D	0.0743514995229784	412	1	subtrain	2
#F8766D	0.0741795434199316	413	1	subtrain	2
#F8766D	0.0740275701617132	414	1	subtrain	2
#F8766D	0.0738995947891247	415	1	subtrain	2
#F8766D	0.0738375895864358	416	1	subtrain	2
#F8766D	0.0736466588580926	417	1	subtrain	2
#F8766D	0.0734615461339571	418	1	subtrain	2
#F8766D	0.0733066358384988	419	1	subtrain	2
#F8766D	0.0731493708490652	420	1	subtrain	2
#F8766D	0.0731161213421639	421	1	subtrain	2
#F8766D	0.0729532738632153	422	1	subtrain	2
#F8766D	0.0727628906396219	423	1	subtrain	2
#F8766D	0.072601897812771	424	1	subtrain	2
#F8766D	0.0724366687928718	425	1	subtrain	2
#F8766D	0.0723292934993587	426	1	subtrain	2
#F8766D	0.0722652000198442	427	1	subtrain	2
#F8766D	0.0720936935925271	428	1	subtrain	2
#F8766D	0.0719279605191993	429	1	subtrain	2
#F8766D	0.0717574354265803	430	1	subtrain	2
#F8766D	0.0715979545328588	431	1	subtrain	2
#F8766D	0.0715102803785765	432	1	subtrain	2
#F8766D	0.0714323867480831	433	1	subtrain	2
#F8766D	0.0712611052948448	434	1	subtrain	2
#F8766D	0.0711073253035654	435	1	subtrain	2
#F8766D	0.0709265004002946	436	1	subtrain	2
#F8766D	0.0707649469136381	437	1	subtrain	2
#F8766D	0.070724715181375	438	1	subtrain	2
#F8766D	0.0705059575378396	439	1	subtrain	2
#F8766D	0.070345573929439	440	1	subtrain	2
#F8766D	0.0701702146141431	441	1	subtrain	2
#F8766D	0.0699941888327435	442	1	subtrain	2
#F8766D	0.0698682058145262	443	1	subtrain	2
#F8766D	0.0697935393670937	444	1	subtrain	2
#F8766D	0.0695908806646885	445	1	subtrain	2
#F8766D	0.0694352954368074	446	1	subtrain	2
#F8766D	0.0692528993110684	447	1	subtrain	2
#F8766D	0.0691066163588523	448	1	subtrain	2
#F8766D	0.0690661292690384	449	1	subtrain	2
#F8766D	0.0688473134566764	450	1	subtrain	2
#F8766D	0.06870080879438	451	1	subtrain	2
#F8766D	0.0685372288619772	452	1	subtrain	2
#F8766D	0.0683686064823585	453	1	subtrain	2
#F8766D	0.068335091934054	454	1	subtrain	2
#F8766D	0.0681291167920738	455	1	subtrain	2
#F8766D	0.067983141410204	456	1	subtrain	2
#F8766D	0.0678216517763405	457	1	subtrain	2
#F8766D	0.0676710660781728	458	1	subtrain	2
#F8766D	0.0675739966873234	459	1	subtrain	2
#F8766D	0.0674728594260963	460	1	subtrain	2
#F8766D	0.0672881970916417	461	1	subtrain	2
#F8766D	0.0671374191365587	462	1	subtrain	2
#F8766D	0.0669819887601464	463	1	subtrain	2
#F8766D	0.0668651339093527	464	1	subtrain	2
#F8766D	0.0667946187386573	465	1	subtrain	2
#F8766D	0.0665968371512513	466	1	subtrain	2
#F8766D	0.0664748084915649	467	1	subtrain	2
#F8766D	0.0663072602947161	468	1	subtrain	2
#F8766D	0.066176656784099	469	1	subtrain	2
#F8766D	0.0661444797932276	470	1	subtrain	2
#F8766D	0.06592234751536	471	1	subtrain	2
#F8766D	0.065804803075933	472	1	subtrain	2
#F8766D	0.0656567014948943	473	1	subtrain	2
#F8766D	0.0655185116126771	474	1	subtrain	2
#F8766D	0.0654765547356622	475	1	subtrain	2
#F8766D	0.0652807111838601	476	1	subtrain	2
#F8766D	0.0651444834937371	477	1	subtrain	2
#F8766D	0.0650107181327661	478	1	subtrain	2
#F8766D	0.0648763790601419	479	1	subtrain	2
#F8766D	0.0647829225194864	480	1	subtrain	2
#F8766D	0.0646955587391663	481	1	subtrain	2
#F8766D	0.0645105011567889	482	1	subtrain	2
#F8766D	0.0643852372772103	483	1	subtrain	2
#F8766D	0.0642466668733834	484	1	subtrain	2
#F8766D	0.0641382549195185	485	1	subtrain	2
#F8766D	0.0640963447434755	486	1	subtrain	2
#F8766D	0.0638867189720688	487	1	subtrain	2
#F8766D	0.0637666091148329	488	1	subtrain	2
#F8766D	0.0636512189287859	489	1	subtrain	2
#F8766D	0.0635135315161058	490	1	subtrain	2
#F8766D	0.0635305124466365	491	1	subtrain	2
#F8766D	0.0633256117161172	492	1	subtrain	2
#F8766D	0.0631934518844876	493	1	subtrain	2
#F8766D	0.0631104604709574	494	1	subtrain	2
#F8766D	0.0629769470735448	495	1	subtrain	2
#F8766D	0.0629099113184423	496	1	subtrain	2
#F8766D	0.0628533813053155	497	1	subtrain	2
#F8766D	0.0626726481772505	498	1	subtrain	2
#F8766D	0.0625524281508083	499	1	subtrain	2
#F8766D	0.0624609273985409	500	1	subtrain	2
#F8766D	0.0623514910475592	501	1	subtrain	2
#F8766D	0.0623371473983832	502	1	subtrain	2
#F8766D	0.0621554949012313	503	1	subtrain	2
#F8766D	0.0620379414200542	504	1	subtrain	2
#F8766D	0.0619264072520702	505	1	subtrain	2
#F8766D	0.0618248379411811	506	1	subtrain	2
#F8766D	0.0617451365509746	507	1	subtrain	2
#F8766D	0.0617160337680187	508	1	subtrain	2
#F8766D	0.0615294674628493	509	1	subtrain	2
#F8766D	0.0614255307344323	510	1	subtrain	2
#F8766D	0.06131545717283	511	1	subtrain	2
#F8766D	0.0612153756134589	512	1	subtrain	2
#F8766D	0.0611381309843688	513	1	subtrain	2
#F8766D	0.061113620709214	514	1	subtrain	2
#F8766D	0.0609293257745622	515	1	subtrain	2
#F8766D	0.060819492986029	516	1	subtrain	2
#F8766D	0.0607166996335174	517	1	subtrain	2
#F8766D	0.060625750868491	518	1	subtrain	2
#F8766D	0.0605335628241873	519	1	subtrain	2
#F8766D	0.0605259787093663	520	1	subtrain	2
#F8766D	0.0603530523589074	521	1	subtrain	2
#F8766D	0.0602287896758287	522	1	subtrain	2
#F8766D	0.0601201254934878	523	1	subtrain	2
#F8766D	0.0600401567954135	524	1	subtrain	2
#F8766D	0.0599382202134158	525	1	subtrain	2
#F8766D	0.0598809960819425	526	1	subtrain	2
#F8766D	0.0598208188319071	527	1	subtrain	2
#F8766D	0.0596710007113366	528	1	subtrain	2
#F8766D	0.0595510658746624	529	1	subtrain	2
#F8766D	0.0594403452036237	530	1	subtrain	2
#F8766D	0.0593591291447433	531	1	subtrain	2
#F8766D	0.0593027157911171	532	1	subtrain	2
#F8766D	0.0592660634586698	533	1	subtrain	2
#F8766D	0.0590915823362733	534	1	subtrain	2
#F8766D	0.0589771264346862	535	1	subtrain	2
#F8766D	0.0588761026406766	536	1	subtrain	2
#F8766D	0.0588008178850638	537	1	subtrain	2
#F8766D	0.0587034323173169	538	1	subtrain	2
#F8766D	0.0586762063333886	539	1	subtrain	2
#F8766D	0.0585982151328556	540	1	subtrain	2
#F8766D	0.0584522561663648	541	1	subtrain	2
#F8766D	0.058343685942067	542	1	subtrain	2
#F8766D	0.0582390550587667	543	1	subtrain	2
#F8766D	0.0581541682308683	544	1	subtrain	2
#F8766D	0.0580733569176377	545	1	subtrain	2
#F8766D	0.058056492645714	546	1	subtrain	2
#F8766D	0.0579734430912533	547	1	subtrain	2
#F8766D	0.0578180283651219	548	1	subtrain	2
#F8766D	0.0577200805096041	549	1	subtrain	2
#F8766D	0.0576318925832901	550	1	subtrain	2
#F8766D	0.0575395158290388	551	1	subtrain	2
#F8766D	0.0574549568923429	552	1	subtrain	2
#F8766D	0.0574221269631253	553	1	subtrain	2
#F8766D	0.0573766866867773	554	1	subtrain	2
#F8766D	0.0572136624076998	555	1	subtrain	2
#F8766D	0.0571113187986818	556	1	subtrain	2
#F8766D	0.0570199810534847	557	1	subtrain	2
#F8766D	0.0569333450037289	558	1	subtrain	2
#F8766D	0.0568510903283009	559	1	subtrain	2
#F8766D	0.0567705296498736	560	1	subtrain	2
#F8766D	0.0567715325055446	561	1	subtrain	2
#F8766D	0.0566225531162768	562	1	subtrain	2
#F8766D	0.0565231565523802	563	1	subtrain	2
#F8766D	0.0564243825704057	564	1	subtrain	2
#F8766D	0.0563320921486909	565	1	subtrain	2
#F8766D	0.0562514604343906	566	1	subtrain	2
#F8766D	0.0561889496834682	567	1	subtrain	2
#F8766D	0.0561591153527558	568	1	subtrain	2
#F8766D	0.0560853175974115	569	1	subtrain	2
#F8766D	0.0559410044387248	570	1	subtrain	2
#F8766D	0.0558586664451874	571	1	subtrain	2
#F8766D	0.0557624363512291	572	1	subtrain	2
#F8766D	0.0556685558246842	573	1	subtrain	2
#F8766D	0.0555913766338388	574	1	subtrain	2
#F8766D	0.0555276082571257	575	1	subtrain	2
#F8766D	0.0555269905388	576	1	subtrain	2
#F8766D	0.0553724665975869	577	1	subtrain	2
#F8766D	0.0552814222497994	578	1	subtrain	2
#F8766D	0.0552031327959139	579	1	subtrain	2
#F8766D	0.0551099055492652	580	1	subtrain	2
#F8766D	0.0550187777031793	581	1	subtrain	2
#F8766D	0.0549470391263766	582	1	subtrain	2
#F8766D	0.054890637425919	583	1	subtrain	2
#F8766D	0.0548812428572972	584	1	subtrain	2
#F8766D	0.0547298683017929	585	1	subtrain	2
#F8766D	0.0546404880643141	586	1	subtrain	2
#F8766D	0.0545653399869607	587	1	subtrain	2
#F8766D	0.0544743033415065	588	1	subtrain	2
#F8766D	0.0543852825831148	589	1	subtrain	2
#F8766D	0.0543141534954274	590	1	subtrain	2
#F8766D	0.0542609866724249	591	1	subtrain	2
#F8766D	0.0542524846192378	592	1	subtrain	2
#F8766D	0.0541031469270242	593	1	subtrain	2
#F8766D	0.0540147305874798	594	1	subtrain	2
#F8766D	0.0539334945974229	595	1	subtrain	2
#F8766D	0.0538570116970752	596	1	subtrain	2
#F8766D	0.0537698456934324	597	1	subtrain	2
#F8766D	0.053703953447372	598	1	subtrain	2
#F8766D	0.0536710998884244	599	1	subtrain	2
#F8766D	0.0536306069190006	600	1	subtrain	2
#F8766D	0.0534952569409098	601	1	subtrain	2
#F8766D	0.0534066949334979	602	1	subtrain	2
#F8766D	0.0533205522781141	603	1	subtrain	2
#F8766D	0.0532380382561301	604	1	subtrain	2
#F8766D	0.0531591060430139	605	1	subtrain	2
#F8766D	0.0531005535659361	606	1	subtrain	2
#F8766D	0.0530393136146595	607	1	subtrain	2
#F8766D	0.0530314906090172	608	1	subtrain	2
#F8766D	0.0528895674621448	609	1	subtrain	2
#F8766D	0.0528081631931775	610	1	subtrain	2
#F8766D	0.0527352225885667	611	1	subtrain	2
#F8766D	0.0526499807318589	612	1	subtrain	2
#F8766D	0.0525669690902422	613	1	subtrain	2
#F8766D	0.0524959012955049	614	1	subtrain	2
#F8766D	0.0524355792491964	615	1	subtrain	2
#F8766D	0.0524594892578384	616	1	subtrain	2
#F8766D	0.052307961810334	617	1	subtrain	2
#F8766D	0.0522217499400463	618	1	subtrain	2
#F8766D	0.0521421814427417	619	1	subtrain	2
#F8766D	0.0520633182082334	620	1	subtrain	2
#F8766D	0.0519904164465072	621	1	subtrain	2
#F8766D	0.0519260712224094	622	1	subtrain	2
#F8766D	0.0518599748855211	623	1	subtrain	2
#F8766D	0.0518690241119647	624	1	subtrain	2
#F8766D	0.0517311343429632	625	1	subtrain	2
#F8766D	0.0516589780911509	626	1	subtrain	2
#F8766D	0.0515775087159246	627	1	subtrain	2
#F8766D	0.0514969345430419	628	1	subtrain	2
#F8766D	0.0514190299108156	629	1	subtrain	2
#F8766D	0.0513505545135081	630	1	subtrain	2
#F8766D	0.0513015290062354	631	1	subtrain	2
#F8766D	0.0512808350977214	632	1	subtrain	2
#F8766D	0.0512225271234886	633	1	subtrain	2
#F8766D	0.0510922667691617	634	1	subtrain	2
#F8766D	0.0510173057261903	635	1	subtrain	2
#F8766D	0.0509493915959496	636	1	subtrain	2
#F8766D	0.0508705142409237	637	1	subtrain	2
#F8766D	0.0507929199303198	638	1	subtrain	2
#F8766D	0.0507261740925998	639	1	subtrain	2
#F8766D	0.0506714490967244	640	1	subtrain	2
#F8766D	0.0506894036286352	641	1	subtrain	2
#F8766D	0.0505542005440418	642	1	subtrain	2
#F8766D	0.0504730821793303	643	1	subtrain	2
#F8766D	0.0503956248920622	644	1	subtrain	2
#F8766D	0.0503225128229076	645	1	subtrain	2
#F8766D	0.0502506425076193	646	1	subtrain	2
#F8766D	0.0501921845538037	647	1	subtrain	2
#F8766D	0.0501315132036071	648	1	subtrain	2
#F8766D	0.0501160652713684	649	1	subtrain	2
#F8766D	0.0500652433283635	650	1	subtrain	2
#F8766D	0.0499396155490166	651	1	subtrain	2
#F8766D	0.049872863653718	652	1	subtrain	2
#F8766D	0.0497972174100762	653	1	subtrain	2
#F8766D	0.0497222808215526	654	1	subtrain	2
#F8766D	0.0496499507965664	655	1	subtrain	2
#F8766D	0.0495877909487789	656	1	subtrain	2
#F8766D	0.0495443367652851	657	1	subtrain	2
#F8766D	0.0495514216971414	658	1	subtrain	2
#F8766D	0.0494179238163671	659	1	subtrain	2
#F8766D	0.0493426670354477	660	1	subtrain	2
#F8766D	0.049269567244447	661	1	subtrain	2
#F8766D	0.0492049616823177	662	1	subtrain	2
#F8766D	0.0491407101315465	663	1	subtrain	2
#F8766D	0.0490692511510398	664	1	subtrain	2
#F8766D	0.0490141512847341	665	1	subtrain	2
#F8766D	0.0489978799609499	666	1	subtrain	2
#F8766D	0.0489577526923535	667	1	subtrain	2
#F8766D	0.0488414667302502	668	1	subtrain	2
#F8766D	0.0487664703985142	669	1	subtrain	2
#F8766D	0.0486931888085445	670	1	subtrain	2
#F8766D	0.0486254007501926	671	1	subtrain	2
#F8766D	0.0485570973750867	672	1	subtrain	2
#F8766D	0.0484922216160371	673	1	subtrain	2
#F8766D	0.0484537792014037	674	1	subtrain	2
#F8766D	0.0484424179512509	675	1	subtrain	2
#F8766D	0.048386759545593	676	1	subtrain	2
#F8766D	0.0482663832106659	677	1	subtrain	2
#F8766D	0.0481957282140134	678	1	subtrain	2
#F8766D	0.0481284643731731	679	1	subtrain	2
#F8766D	0.0480714196955454	680	1	subtrain	2
#F8766D	0.0480009312576001	681	1	subtrain	2
#F8766D	0.0479345369361041	682	1	subtrain	2
#F8766D	0.0478838881949619	683	1	subtrain	2
#F8766D	0.0478790420835881	684	1	subtrain	2
#F8766D	0.047833002636876	685	1	subtrain	2
#F8766D	0.0477185546932565	686	1	subtrain	2
#F8766D	0.0476468813106824	687	1	subtrain	2
#F8766D	0.0475767571189841	688	1	subtrain	2
#F8766D	0.0475121915072467	689	1	subtrain	2
#F8766D	0.0474471369416894	690	1	subtrain	2
#F8766D	0.0473845355525576	691	1	subtrain	2
#F8766D	0.0473485407112635	692	1	subtrain	2
#F8766D	0.0473420868102785	693	1	subtrain	2
#F8766D	0.047286364012717	694	1	subtrain	2
#F8766D	0.0471696422322875	695	1	subtrain	2
#F8766D	0.0471018815754697	696	1	subtrain	2
#F8766D	0.0470363391570058	697	1	subtrain	2
#F8766D	0.0469824399874303	698	1	subtrain	2
#F8766D	0.0469156278162396	699	1	subtrain	2
#F8766D	0.0468497601493931	700	1	subtrain	2
#F8766D	0.0468037058023321	701	1	subtrain	2
#F8766D	0.0467995758346213	702	1	subtrain	2
#F8766D	0.046754899599339	703	1	subtrain	2
#F8766D	0.0466461201855194	704	1	subtrain	2
#F8766D	0.0465772750574637	705	1	subtrain	2
#F8766D	0.0465097514435373	706	1	subtrain	2
#F8766D	0.0464463357735751	707	1	subtrain	2
#F8766D	0.0463845017964798	708	1	subtrain	2
#F8766D	0.0463279480365891	709	1	subtrain	2
#F8766D	0.0462797275039734	710	1	subtrain	2
#F8766D	0.0462453676384811	711	1	subtrain	2
#F8766D	0.0462411541357003	712	1	subtrain	2
#F8766D	0.0461217237038806	713	1	subtrain	2
#F8766D	0.0460562282297235	714	1	subtrain	2
#F8766D	0.0460013629302894	715	1	subtrain	2
#F8766D	0.045936739072534	716	1	subtrain	2
#F8766D	0.0458733770412634	717	1	subtrain	2
#F8766D	0.0458116131249853	718	1	subtrain	2
#F8766D	0.0457575771036198	719	1	subtrain	2
#F8766D	0.0457234988365568	720	1	subtrain	2
#F8766D	0.0457442335639606	721	1	subtrain	2
#F8766D	0.0456162457938702	722	1	subtrain	2
#F8766D	0.0455504896431817	723	1	subtrain	2
#F8766D	0.0454878071877118	724	1	subtrain	2
#F8766D	0.0454286937403381	725	1	subtrain	2
#F8766D	0.0453701631305805	726	1	subtrain	2
#F8766D	0.0453228251816674	727	1	subtrain	2
#F8766D	0.0452640062739865	728	1	subtrain	2
#F8766D	0.0452153940949729	729	1	subtrain	2
#F8766D	0.0452044889224489	730	1	subtrain	2
#F8766D	0.0451742846016877	731	1	subtrain	2
#F8766D	0.0450666171086757	732	1	subtrain	2
#F8766D	0.0450108043384382	733	1	subtrain	2
#F8766D	0.0449475919812479	734	1	subtrain	2
#F8766D	0.0448861220326151	735	1	subtrain	2
#F8766D	0.0448302810383089	736	1	subtrain	2
#F8766D	0.0447737402022574	737	1	subtrain	2
#F8766D	0.0447174111079935	738	1	subtrain	2
#F8766D	0.0446699785342387	739	1	subtrain	2
#F8766D	0.0446314814530935	740	1	subtrain	2
#F8766D	0.0446479846686072	741	1	subtrain	2
#F8766D	0.0445339677424742	742	1	subtrain	2
#F8766D	0.0444728081365162	743	1	subtrain	2
#F8766D	0.044412977881478	744	1	subtrain	2
#F8766D	0.0443574628647296	745	1	subtrain	2
#F8766D	0.0443090429685435	746	1	subtrain	2
#F8766D	0.0442507818070699	747	1	subtrain	2
#F8766D	0.0441938835251711	748	1	subtrain	2
#F8766D	0.0441389107281799	749	1	subtrain	2
#F8766D	0.0440904086076034	750	1	subtrain	2
#F8766D	0.0440483166297039	751	1	subtrain	2
#F8766D	0.0440491111837698	752	1	subtrain	2
#F8766D	0.044009082657186	753	1	subtrain	2
#F8766D	0.043903779610554	754	1	subtrain	2
#F8766D	0.0438453769667972	755	1	subtrain	2
#F8766D	0.0437876999143063	756	1	subtrain	2
#F8766D	0.0437355235521062	757	1	subtrain	2
#F8766D	0.0436875860743704	758	1	subtrain	2
#F8766D	0.0436319033264138	759	1	subtrain	2
#F8766D	0.0435754455716949	760	1	subtrain	2
#F8766D	0.0435239274824597	761	1	subtrain	2
#F8766D	0.0434828832197742	762	1	subtrain	2
#F8766D	0.0434737911358296	763	1	subtrain	2
#F8766D	0.043458877577771	764	1	subtrain	2
#F8766D	0.0433483600887984	765	1	subtrain	2
#F8766D	0.0432899765775511	766	1	subtrain	2
#F8766D	0.0432335334075528	767	1	subtrain	2
#F8766D	0.0431789024501866	768	1	subtrain	2
#F8766D	0.0431294153523798	769	1	subtrain	2
#F8766D	0.043083910378844	770	1	subtrain	2
#F8766D	0.0430283082450905	771	1	subtrain	2
#F8766D	0.0429750986584654	772	1	subtrain	2
#F8766D	0.0429260447874611	773	1	subtrain	2
#F8766D	0.0428839043270115	774	1	subtrain	2
#F8766D	0.0428799730796371	775	1	subtrain	2
#F8766D	0.0428586642838923	776	1	subtrain	2
#F8766D	0.0427521222451411	777	1	subtrain	2
#F8766D	0.0426952910269223	778	1	subtrain	2
#F8766D	0.0426414337375816	779	1	subtrain	2
#F8766D	0.0425885109917191	780	1	subtrain	2
#F8766D	0.0425424051874551	781	1	subtrain	2
#F8766D	0.0424955535176315	782	1	subtrain	2
#F8766D	0.0424423738396884	783	1	subtrain	2
#F8766D	0.0423901819124159	784	1	subtrain	2
#F8766D	0.0423417653418709	785	1	subtrain	2
#F8766D	0.0423026932458625	786	1	subtrain	2
#F8766D	0.0423002843070049	787	1	subtrain	2
#F8766D	0.0422715702013221	788	1	subtrain	2
#F8766D	0.0421731505848526	789	1	subtrain	2
#F8766D	0.0421184336379311	790	1	subtrain	2
#F8766D	0.0420657602228259	791	1	subtrain	2
#F8766D	0.0420158746492848	792	1	subtrain	2
#F8766D	0.0419741282409577	793	1	subtrain	2
#F8766D	0.0419208620616954	794	1	subtrain	2
#F8766D	0.041869769755399	795	1	subtrain	2
#F8766D	0.0418209699274545	796	1	subtrain	2
#F8766D	0.0417723520430038	797	1	subtrain	2
#F8766D	0.0417381575534472	798	1	subtrain	2
#F8766D	0.0417307197069278	799	1	subtrain	2
#F8766D	0.0417061782876694	800	1	subtrain	2
#F8766D	0.0416096103976524	801	1	subtrain	2
#F8766D	0.0415560740753135	802	1	subtrain	2
#F8766D	0.0415052049540655	803	1	subtrain	2
#F8766D	0.0414585959639363	804	1	subtrain	2
#F8766D	0.0414149744531442	805	1	subtrain	2
#F8766D	0.0413636322409283	806	1	subtrain	2
#F8766D	0.0413138719744446	807	1	subtrain	2
#F8766D	0.041266013514976	808	1	subtrain	2
#F8766D	0.0412186691805134	809	1	subtrain	2
#F8766D	0.0411803156892798	810	1	subtrain	2
#F8766D	0.041145829883369	811	1	subtrain	2
#F8766D	0.0411395310818617	812	1	subtrain	2
#F8766D	0.041108596627875	813	1	subtrain	2
#F8766D	0.0410133579121027	814	1	subtrain	2
#F8766D	0.040964179596946	815	1	subtrain	2
#F8766D	0.0409208263515026	816	1	subtrain	2
#F8766D	0.0408694863405666	817	1	subtrain	2
#F8766D	0.0408193982548579	818	1	subtrain	2
#F8766D	0.040772554164702	819	1	subtrain	2
#F8766D	0.0407259800312694	820	1	subtrain	2
#F8766D	0.0406810682503999	821	1	subtrain	2
#F8766D	0.0406431788609531	822	1	subtrain	2
#F8766D	0.0405985314356308	823	1	subtrain	2
#F8766D	0.0405571775020636	824	1	subtrain	2
#F8766D	0.0405808639324752	825	1	subtrain	2
#F8766D	0.040484657959176	826	1	subtrain	2
#F8766D	0.0404392446408579	827	1	subtrain	2
#F8766D	0.0403877704719203	828	1	subtrain	2
#F8766D	0.0403377498226444	829	1	subtrain	2
#F8766D	0.040291378185192	830	1	subtrain	2
#F8766D	0.0402449377980958	831	1	subtrain	2
#F8766D	0.0401987243318804	832	1	subtrain	2
#F8766D	0.0401582444446048	833	1	subtrain	2
#F8766D	0.0401185868593049	834	1	subtrain	2
#F8766D	0.0400732048921107	835	1	subtrain	2
#F8766D	0.0400340713345626	836	1	subtrain	2
#F8766D	0.0400240372154439	837	1	subtrain	2
#F8766D	0.0400106792996335	838	1	subtrain	2
#F8766D	0.0399242353804614	839	1	subtrain	2
#F8766D	0.0398724230323395	840	1	subtrain	2
#F8766D	0.0398221904364509	841	1	subtrain	2
#F8766D	0.0397764242540804	842	1	subtrain	2
#F8766D	0.0397305672354978	843	1	subtrain	2
#F8766D	0.0396854109313819	844	1	subtrain	2
#F8766D	0.0396506765604781	845	1	subtrain	2
#F8766D	0.0396045605309492	846	1	subtrain	2
#F8766D	0.0395578199933277	847	1	subtrain	2
#F8766D	0.0395164768845637	848	1	subtrain	2
#F8766D	0.0394808945533256	849	1	subtrain	2
#F8766D	0.0394765540253541	850	1	subtrain	2
#F8766D	0.0394689223226651	851	1	subtrain	2
#F8766D	0.0393715745069658	852	1	subtrain	2
#F8766D	0.0393223419329427	853	1	subtrain	2
#F8766D	0.039274807433757	854	1	subtrain	2
#F8766D	0.0392298596080153	855	1	subtrain	2
#F8766D	0.0391879867894862	856	1	subtrain	2
#F8766D	0.0391503488054245	857	1	subtrain	2
#F8766D	0.0391044230466985	858	1	subtrain	2
#F8766D	0.0390603140858922	859	1	subtrain	2
#F8766D	0.0390168760137424	860	1	subtrain	2
#F8766D	0.0389766199274939	861	1	subtrain	2
#F8766D	0.0389471003240083	862	1	subtrain	2
#F8766D	0.0389438902452376	863	1	subtrain	2
#F8766D	0.0389244787352483	864	1	subtrain	2
#F8766D	0.0388351361984228	865	1	subtrain	2
#F8766D	0.0387878638416622	866	1	subtrain	2
#F8766D	0.0387414955571023	867	1	subtrain	2
#F8766D	0.0387028877474266	868	1	subtrain	2
#F8766D	0.038663028775163	869	1	subtrain	2
#F8766D	0.0386174530118754	870	1	subtrain	2
#F8766D	0.0385735303690974	871	1	subtrain	2
#F8766D	0.0385319046083099	872	1	subtrain	2
#F8766D	0.038490547915089	873	1	subtrain	2
#F8766D	0.038456636560551	874	1	subtrain	2
#F8766D	0.0384281129094026	875	1	subtrain	2
#F8766D	0.0384183068782951	876	1	subtrain	2
#F8766D	0.0384004245883336	877	1	subtrain	2
#F8766D	0.0383131757359352	878	1	subtrain	2
#F8766D	0.0382693821266595	879	1	subtrain	2
#F8766D	0.0382306102648255	880	1	subtrain	2
#F8766D	0.0381852898796016	881	1	subtrain	2
#F8766D	0.0381415544878755	882	1	subtrain	2
#F8766D	0.0381000176633831	883	1	subtrain	2
#F8766D	0.0380584543440037	884	1	subtrain	2
#F8766D	0.038018271028406	885	1	subtrain	2
#F8766D	0.037986932715976	886	1	subtrain	2
#F8766D	0.0379447851988997	887	1	subtrain	2
#F8766D	0.0379111601181706	888	1	subtrain	2
#F8766D	0.0378996152663867	889	1	subtrain	2
#F8766D	0.037889660681712	890	1	subtrain	2
#F8766D	0.0378122403116271	891	1	subtrain	2
#F8766D	0.0377678269883997	892	1	subtrain	2
#F8766D	0.0377216009724057	893	1	subtrain	2
#F8766D	0.0376789254045829	894	1	subtrain	2
#F8766D	0.0376375625215802	895	1	subtrain	2
#F8766D	0.0375966694198508	896	1	subtrain	2
#F8766D	0.0375585338002663	897	1	subtrain	2
#F8766D	0.0375255388661579	898	1	subtrain	2
#F8766D	0.0374833473997443	899	1	subtrain	2
#F8766D	0.0374425014363104	900	1	subtrain	2
#F8766D	0.0374143789108636	901	1	subtrain	2
#F8766D	0.037400866218731	902	1	subtrain	2
#F8766D	0.0373986176501919	903	1	subtrain	2
#F8766D	0.037316409078372	904	1	subtrain	2
#F8766D	0.0372697407936811	905	1	subtrain	2
#F8766D	0.0372273092384852	906	1	subtrain	2
#F8766D	0.0371864363575642	907	1	subtrain	2
#F8766D	0.037146043660504	908	1	subtrain	2
#F8766D	0.0371091371856948	909	1	subtrain	2
#F8766D	0.0370756821318748	910	1	subtrain	2
#F8766D	0.0370341592336031	911	1	subtrain	2
#F8766D	0.0369941409523372	912	1	subtrain	2
#F8766D	0.0369553241410852	913	1	subtrain	2
#F8766D	0.0369202126214681	914	1	subtrain	2
#F8766D	0.0368942641827495	915	1	subtrain	2
#F8766D	0.0368937476647575	916	1	subtrain	2
#F8766D	0.036873463903394	917	1	subtrain	2
#F8766D	0.0367918662955327	918	1	subtrain	2
#F8766D	0.0367488007021966	919	1	subtrain	2
#F8766D	0.0367080195165878	920	1	subtrain	2
#F8766D	0.0366768879749824	921	1	subtrain	2
#F8766D	0.036635418731306	922	1	subtrain	2
#F8766D	0.0365949485241435	923	1	subtrain	2
#F8766D	0.0365565201879219	924	1	subtrain	2
#F8766D	0.036518443358684	925	1	subtrain	2
#F8766D	0.0364809435283576	926	1	subtrain	2
#F8766D	0.0364493473933141	927	1	subtrain	2
#F8766D	0.0364259122310617	928	1	subtrain	2
#F8766D	0.0364117152401468	929	1	subtrain	2
#F8766D	0.0364046428859063	930	1	subtrain	2
#F8766D	0.0363233538054212	931	1	subtrain	2
#F8766D	0.0362829693591715	932	1	subtrain	2
#F8766D	0.0362479592091508	933	1	subtrain	2
#F8766D	0.036206847915434	934	1	subtrain	2
#F8766D	0.0361671031534866	935	1	subtrain	2
#F8766D	0.0361292367652192	936	1	subtrain	2
#F8766D	0.036091733242629	937	1	subtrain	2
#F8766D	0.0360544908575532	938	1	subtrain	2
#F8766D	0.0360240309412534	939	1	subtrain	2
#F8766D	0.0359865569299776	940	1	subtrain	2
#F8766D	0.0359523684658374	941	1	subtrain	2
#F8766D	0.0359218377212783	942	1	subtrain	2
#F8766D	0.0359191934467329	943	1	subtrain	2
#F8766D	0.0359158766346016	944	1	subtrain	2
#F8766D	0.0358312179578275	945	1	subtrain	2
#F8766D	0.035789209222397	946	1	subtrain	2
#F8766D	0.0357502985636003	947	1	subtrain	2
#F8766D	0.0357124930855902	948	1	subtrain	2
#F8766D	0.03567576774303	949	1	subtrain	2
#F8766D	0.0356466718042391	950	1	subtrain	2
#F8766D	0.0356079317282255	951	1	subtrain	2
#F8766D	0.0355700836775752	952	1	subtrain	2
#F8766D	0.0355344259986693	953	1	subtrain	2
#F8766D	0.0354985275859549	954	1	subtrain	2
#F8766D	0.0354679943921346	955	1	subtrain	2
#F8766D	0.0354471587914138	956	1	subtrain	2
#F8766D	0.0354392166663063	957	1	subtrain	2
#F8766D	0.0354276502959837	958	1	subtrain	2
#F8766D	0.0353487465266547	959	1	subtrain	2
#F8766D	0.0353082561649071	960	1	subtrain	2
#F8766D	0.0352733482715096	961	1	subtrain	2
#F8766D	0.0352381637168103	962	1	subtrain	2
#F8766D	0.0352005374577856	963	1	subtrain	2
#F8766D	0.0351646218404618	964	1	subtrain	2
#F8766D	0.0351289848348424	965	1	subtrain	2
#F8766D	0.0350945351260927	966	1	subtrain	2
#F8766D	0.0350645462054966	967	1	subtrain	2
#F8766D	0.0350281640730418	968	1	subtrain	2
#F8766D	0.0349964950219658	969	1	subtrain	2
#F8766D	0.0349680902957685	970	1	subtrain	2
#F8766D	0.0349703631516115	971	1	subtrain	2
#F8766D	0.0349585596320941	972	1	subtrain	2
#F8766D	0.034881030975771	973	1	subtrain	2
#F8766D	0.0348456783343114	974	1	subtrain	2
#F8766D	0.0348069374515842	975	1	subtrain	2
#F8766D	0.0347708004883105	976	1	subtrain	2
#F8766D	0.034730914403144	977	1	subtrain	2
#F8766D	0.0347040221636118	978	1	subtrain	2
#F8766D	0.0346673199437656	979	1	subtrain	2
#F8766D	0.0346269259475809	980	1	subtrain	2
#F8766D	0.0346034798777134	981	1	subtrain	2
#F8766D	0.0345661788025653	982	1	subtrain	2
#F8766D	0.0345275950412477	983	1	subtrain	2
#F8766D	0.0345136225927137	984	1	subtrain	2
#F8766D	0.0344912631248636	985	1	subtrain	2
#F8766D	0.0344999647180468	986	1	subtrain	2
#F8766D	0.0344210037149359	987	1	subtrain	2
#F8766D	0.0343758032632861	988	1	subtrain	2
#F8766D	0.0343490240221109	989	1	subtrain	2
#F8766D	0.0343098289038004	990	1	subtrain	2
#F8766D	0.0342690233139589	991	1	subtrain	2
#F8766D	0.0342459512398143	992	1	subtrain	2
#F8766D	0.0342065206406332	993	1	subtrain	2
#F8766D	0.0341695937389576	994	1	subtrain	2
#F8766D	0.034144582589026	995	1	subtrain	2
#F8766D	0.0341047407892108	996	1	subtrain	2
#F8766D	0.0340760752174245	997	1	subtrain	2
#F8766D	0.0340542308527614	998	1	subtrain	2
#F8766D	0.0340329486293483	999	1	subtrain	2
#F8766D	0.034044176723416	1000	1	subtrain	2
#00BFC4	1.33256483991201	1	2	validation	2
#00BFC4	0.996316106956298	2	2	validation	2
#00BFC4	1.10025990037515	3	2	validation	2
#00BFC4	0.999554917279554	4	2	validation	2
#00BFC4	1.03931120724655	5	2	validation	2
#00BFC4	1.07327621262906	6	2	validation	2
#00BFC4	0.693388664217358	7	2	validation	2
#00BFC4	0.718276015795541	8	2	validation	2
#00BFC4	0.786005663599856	9	2	validation	2
#00BFC4	0.821172350156444	10	2	validation	2
#00BFC4	0.58118952212472	11	2	validation	2
#00BFC4	0.57689924165707	12	2	validation	2
#00BFC4	0.600729266238282	13	2	validation	2
#00BFC4	0.561196497579224	14	2	validation	2
#00BFC4	0.545315572552819	15	2	validation	2
#00BFC4	0.479531140540749	16	2	validation	2
#00BFC4	0.502306374466684	17	2	validation	2
#00BFC4	0.426381433689061	18	2	validation	2
#00BFC4	0.459408908906107	19	2	validation	2
#00BFC4	0.376483191634143	20	2	validation	2
#00BFC4	0.419670232607356	21	2	validation	2
#00BFC4	0.336273057969013	22	2	validation	2
#00BFC4	0.383039704308328	23	2	validation	2
#00BFC4	0.306228437430565	24	2	validation	2
#00BFC4	0.353936359971015	25	2	validation	2
#00BFC4	0.284820948494384	26	2	validation	2
#00BFC4	0.33229106072499	27	2	validation	2
#00BFC4	0.270745150514729	28	2	validation	2
#00BFC4	0.316055784798197	29	2	validation	2
#00BFC4	0.25985443995445	30	2	validation	2
#00BFC4	0.301876954853912	31	2	validation	2
#00BFC4	0.251586523412106	32	2	validation	2
#00BFC4	0.288353656753945	33	2	validation	2
#00BFC4	0.245005874651744	34	2	validation	2
#00BFC4	0.27672628398119	35	2	validation	2
#00BFC4	0.239778280742366	36	2	validation	2
#00BFC4	0.266610996190546	37	2	validation	2
#00BFC4	0.235382423014049	38	2	validation	2
#00BFC4	0.257898700888564	39	2	validation	2
#00BFC4	0.231960501894226	40	2	validation	2
#00BFC4	0.250978945926668	41	2	validation	2
#00BFC4	0.229364893428763	42	2	validation	2
#00BFC4	0.244645471601706	43	2	validation	2
#00BFC4	0.227377762783158	44	2	validation	2
#00BFC4	0.239183182095119	45	2	validation	2
#00BFC4	0.225844687152541	46	2	validation	2
#00BFC4	0.234959248800801	47	2	validation	2
#00BFC4	0.224386516759942	48	2	validation	2
#00BFC4	0.231425253022203	49	2	validation	2
#00BFC4	0.223307264824599	50	2	validation	2
#00BFC4	0.228396150521111	51	2	validation	2
#00BFC4	0.222214831908694	52	2	validation	2
#00BFC4	0.226007989899089	53	2	validation	2
#00BFC4	0.221281064201313	54	2	validation	2
#00BFC4	0.223823707263901	55	2	validation	2
#00BFC4	0.220250834411052	56	2	validation	2
#00BFC4	0.222016662285429	57	2	validation	2
#00BFC4	0.219186034625242	58	2	validation	2
#00BFC4	0.22017164833503	59	2	validation	2
#00BFC4	0.218117250055213	60	2	validation	2
#00BFC4	0.218248438794581	61	2	validation	2
#00BFC4	0.216800850269721	62	2	validation	2
#00BFC4	0.216827743215714	63	2	validation	2
#00BFC4	0.2156962881851	64	2	validation	2
#00BFC4	0.21557695394751	65	2	validation	2
#00BFC4	0.214671451711672	66	2	validation	2
#00BFC4	0.215283748768114	67	2	validation	2
#00BFC4	0.213487776354789	68	2	validation	2
#00BFC4	0.213827916259728	69	2	validation	2
#00BFC4	0.213302751284667	70	2	validation	2
#00BFC4	0.212495246988021	71	2	validation	2
#00BFC4	0.212892336970357	72	2	validation	2
#00BFC4	0.211282166614119	73	2	validation	2
#00BFC4	0.212162748435723	74	2	validation	2
#00BFC4	0.210213180130576	75	2	validation	2
#00BFC4	0.211246681576072	76	2	validation	2
#00BFC4	0.209187427799063	77	2	validation	2
#00BFC4	0.210331633371499	78	2	validation	2
#00BFC4	0.208187585414307	79	2	validation	2
#00BFC4	0.209360757967791	80	2	validation	2
#00BFC4	0.207170722579091	81	2	validation	2
#00BFC4	0.208285608688964	82	2	validation	2
#00BFC4	0.206232684344615	83	2	validation	2
#00BFC4	0.207301818759344	84	2	validation	2
#00BFC4	0.20523096001124	85	2	validation	2
#00BFC4	0.206283138498699	86	2	validation	2
#00BFC4	0.204265629128654	87	2	validation	2
#00BFC4	0.205311569219507	88	2	validation	2
#00BFC4	0.203342056146724	89	2	validation	2
#00BFC4	0.204217829550525	90	2	validation	2
#00BFC4	0.202343029873829	91	2	validation	2
#00BFC4	0.20326352198632	92	2	validation	2
#00BFC4	0.201399645323915	93	2	validation	2
#00BFC4	0.202227111639152	94	2	validation	2
#00BFC4	0.200441108851928	95	2	validation	2
#00BFC4	0.201328448046603	96	2	validation	2
#00BFC4	0.199484377243893	97	2	validation	2
#00BFC4	0.20032662331242	98	2	validation	2
#00BFC4	0.198543852535055	99	2	validation	2
#00BFC4	0.199425648282762	100	2	validation	2
#00BFC4	0.197653901441295	101	2	validation	2
#00BFC4	0.198490903077011	102	2	validation	2
#00BFC4	0.196765245025145	103	2	validation	2
#00BFC4	0.197652894577586	104	2	validation	2
#00BFC4	0.195921615416247	105	2	validation	2
#00BFC4	0.196716363402291	106	2	validation	2
#00BFC4	0.19503877919877	107	2	validation	2
#00BFC4	0.195875516099739	108	2	validation	2
#00BFC4	0.194202529467309	109	2	validation	2
#00BFC4	0.195080561331726	110	2	validation	2
#00BFC4	0.193421251368249	111	2	validation	2
#00BFC4	0.194244811518362	112	2	validation	2
#00BFC4	0.19259362613912	113	2	validation	2
#00BFC4	0.1935012039904	114	2	validation	2
#00BFC4	0.191829706192543	115	2	validation	2
#00BFC4	0.192674128764703	116	2	validation	2
#00BFC4	0.191011868730151	117	2	validation	2
#00BFC4	0.191884741812859	118	2	validation	2
#00BFC4	0.190302337050962	119	2	validation	2
#00BFC4	0.191078241050396	120	2	validation	2
#00BFC4	0.189496474408373	121	2	validation	2
#00BFC4	0.190399756416782	122	2	validation	2
#00BFC4	0.188650060933478	123	2	validation	2
#00BFC4	0.189515798068796	124	2	validation	2
#00BFC4	0.187886775717044	125	2	validation	2
#00BFC4	0.188694509391862	126	2	validation	2
#00BFC4	0.187133370744799	127	2	validation	2
#00BFC4	0.187938610342194	128	2	validation	2
#00BFC4	0.186387796650674	129	2	validation	2
#00BFC4	0.187194050363366	130	2	validation	2
#00BFC4	0.185655982913929	131	2	validation	2
#00BFC4	0.186483244717149	132	2	validation	2
#00BFC4	0.184930349019381	133	2	validation	2
#00BFC4	0.185778911216719	134	2	validation	2
#00BFC4	0.184246137028604	135	2	validation	2
#00BFC4	0.18507485846475	136	2	validation	2
#00BFC4	0.183572861699866	137	2	validation	2
#00BFC4	0.184353641010237	138	2	validation	2
#00BFC4	0.182913369018906	139	2	validation	2
#00BFC4	0.183847655859935	140	2	validation	2
#00BFC4	0.182132867394052	141	2	validation	2
#00BFC4	0.183178212370785	142	2	validation	2
#00BFC4	0.181544169134071	143	2	validation	2
#00BFC4	0.182441468361172	144	2	validation	2
#00BFC4	0.180949710453734	145	2	validation	2
#00BFC4	0.181900546670732	146	2	validation	2
#00BFC4	0.180218940873092	147	2	validation	2
#00BFC4	0.181179633540212	148	2	validation	2
#00BFC4	0.179669578162891	149	2	validation	2
#00BFC4	0.180508453760729	150	2	validation	2
#00BFC4	0.179054838773595	151	2	validation	2
#00BFC4	0.179930238909892	152	2	validation	2
#00BFC4	0.178470931409671	153	2	validation	2
#00BFC4	0.179264017324049	154	2	validation	2
#00BFC4	0.177899956366267	155	2	validation	2
#00BFC4	0.17873085975992	156	2	validation	2
#00BFC4	0.177297648747131	157	2	validation	2
#00BFC4	0.178109679481111	158	2	validation	2
#00BFC4	0.176746567243984	159	2	validation	2
#00BFC4	0.177583613821725	160	2	validation	2
#00BFC4	0.176174493229781	161	2	validation	2
#00BFC4	0.176988317568136	162	2	validation	2
#00BFC4	0.175637070494804	163	2	validation	2
#00BFC4	0.176484834763624	164	2	validation	2
#00BFC4	0.175087324679364	165	2	validation	2
#00BFC4	0.175939771551035	166	2	validation	2
#00BFC4	0.174560020175352	167	2	validation	2
#00BFC4	0.175404425241656	168	2	validation	2
#00BFC4	0.174029855612641	169	2	validation	2
#00BFC4	0.174865124420179	170	2	validation	2
#00BFC4	0.173528109790012	171	2	validation	2
#00BFC4	0.174410592716799	172	2	validation	2
#00BFC4	0.17299541924312	173	2	validation	2
#00BFC4	0.173870319177491	174	2	validation	2
#00BFC4	0.172411983776626	175	2	validation	2
#00BFC4	0.173378024574074	176	2	validation	2
#00BFC4	0.171951442294909	177	2	validation	2
#00BFC4	0.172867093196431	178	2	validation	2
#00BFC4	0.171491584728612	179	2	validation	2
#00BFC4	0.172428272796155	180	2	validation	2
#00BFC4	0.171058498201673	181	2	validation	2
#00BFC4	0.171949388826489	182	2	validation	2
#00BFC4	0.170595324945303	183	2	validation	2
#00BFC4	0.171480827329848	184	2	validation	2
#00BFC4	0.170133446887763	185	2	validation	2
#00BFC4	0.171026027666078	186	2	validation	2
#00BFC4	0.169698006666752	187	2	validation	2
#00BFC4	0.170608458655403	188	2	validation	2
#00BFC4	0.16914388667339	189	2	validation	2
#00BFC4	0.17013000850352	190	2	validation	2
#00BFC4	0.168749796495752	191	2	validation	2
#00BFC4	0.169845940098207	192	2	validation	2
#00BFC4	0.168915514014287	193	2	validation	2
#00BFC4	0.16994991072045	194	2	validation	2
#00BFC4	0.16976922092125	195	2	validation	2
#00BFC4	0.169067864681709	196	2	validation	2
#00BFC4	0.169739009700171	197	2	validation	2
#00BFC4	0.169526389920002	198	2	validation	2
#00BFC4	0.168678529566501	199	2	validation	2
#00BFC4	0.169341391767457	200	2	validation	2
#00BFC4	0.169085970561004	201	2	validation	2
#00BFC4	0.168166924642692	202	2	validation	2
#00BFC4	0.168360299296007	203	2	validation	2
#00BFC4	0.168477277732739	204	2	validation	2
#00BFC4	0.1674951791267	205	2	validation	2
#00BFC4	0.168140825265911	206	2	validation	2
#00BFC4	0.167377782612366	207	2	validation	2
#00BFC4	0.166908458509079	208	2	validation	2
#00BFC4	0.167458044835639	209	2	validation	2
#00BFC4	0.165966347251048	210	2	validation	2
#00BFC4	0.167102748054897	211	2	validation	2
#00BFC4	0.166792279377679	212	2	validation	2
#00BFC4	0.165990785811166	213	2	validation	2
#00BFC4	0.166218545539821	214	2	validation	2
#00BFC4	0.166407974576073	215	2	validation	2
#00BFC4	0.165401888436055	216	2	validation	2
#00BFC4	0.165728132920616	217	2	validation	2
#00BFC4	0.164881611547278	218	2	validation	2
#00BFC4	0.165608702327593	219	2	validation	2
#00BFC4	0.165059267956631	220	2	validation	2
#00BFC4	0.164538469600752	221	2	validation	2
#00BFC4	0.165115461177945	222	2	validation	2
#00BFC4	0.164615174538624	223	2	validation	2
#00BFC4	0.16407406073481	224	2	validation	2
#00BFC4	0.164814892881704	225	2	validation	2
#00BFC4	0.163150078155882	226	2	validation	2
#00BFC4	0.16432195043893	227	2	validation	2
#00BFC4	0.16365887939868	228	2	validation	2
#00BFC4	0.163155794583001	229	2	validation	2
#00BFC4	0.163784139626594	230	2	validation	2
#00BFC4	0.163240010828323	231	2	validation	2
#00BFC4	0.1627182139729	232	2	validation	2
#00BFC4	0.163457386610196	233	2	validation	2
#00BFC4	0.161903901403362	234	2	validation	2
#00BFC4	0.16303550704661	235	2	validation	2
#00BFC4	0.162834384319445	236	2	validation	2
#00BFC4	0.162041373176589	237	2	validation	2
#00BFC4	0.162287391576904	238	2	validation	2
#00BFC4	0.16252402605329	239	2	validation	2
#00BFC4	0.161562853223074	240	2	validation	2
#00BFC4	0.161870796614519	241	2	validation	2
#00BFC4	0.162075730280886	242	2	validation	2
#00BFC4	0.161146019252205	243	2	validation	2
#00BFC4	0.161496489866653	244	2	validation	2
#00BFC4	0.16159187211735	245	2	validation	2
#00BFC4	0.160789778593993	246	2	validation	2
#00BFC4	0.161600272969999	247	2	validation	2
#00BFC4	0.159871250768515	248	2	validation	2
#00BFC4	0.161050949115143	249	2	validation	2
#00BFC4	0.160416640680429	250	2	validation	2
#00BFC4	0.16094048684319	251	2	validation	2
#00BFC4	0.159989796892047	252	2	validation	2
#00BFC4	0.160822255608017	253	2	validation	2
#00BFC4	0.159175410727087	254	2	validation	2
#00BFC4	0.160285380184614	255	2	validation	2
#00BFC4	0.159734250089505	256	2	validation	2
#00BFC4	0.159175601920775	257	2	validation	2
#00BFC4	0.159841626191201	258	2	validation	2
#00BFC4	0.159446416074409	259	2	validation	2
#00BFC4	0.158816769541646	260	2	validation	2
#00BFC4	0.15955771742101	261	2	validation	2
#00BFC4	0.159471623591342	262	2	validation	2
#00BFC4	0.158246883986694	263	2	validation	2
#00BFC4	0.159199349705796	264	2	validation	2
#00BFC4	0.158135705999325	265	2	validation	2
#00BFC4	0.158482874619286	266	2	validation	2
#00BFC4	0.15869789949563	267	2	validation	2
#00BFC4	0.157870049088574	268	2	validation	2
#00BFC4	0.158144684896228	269	2	validation	2
#00BFC4	0.158446926912563	270	2	validation	2
#00BFC4	0.157575218855718	271	2	validation	2
#00BFC4	0.158233496533203	272	2	validation	2
#00BFC4	0.157842545963016	273	2	validation	2
#00BFC4	0.158254914813759	274	2	validation	2
#00BFC4	0.157263344476979	275	2	validation	2
#00BFC4	0.157582090734555	276	2	validation	2
#00BFC4	0.157645190457748	277	2	validation	2
#00BFC4	0.156890041012332	278	2	validation	2
#00BFC4	0.157533620962951	279	2	validation	2
#00BFC4	0.157130877847177	280	2	validation	2
#00BFC4	0.156568610645736	281	2	validation	2
#00BFC4	0.157120279099969	282	2	validation	2
#00BFC4	0.156691351040266	283	2	validation	2
#00BFC4	0.156178770278843	284	2	validation	2
#00BFC4	0.156790747811885	285	2	validation	2
#00BFC4	0.156477583806769	286	2	validation	2
#00BFC4	0.155822056728673	287	2	validation	2
#00BFC4	0.15646612097706	288	2	validation	2
#00BFC4	0.156071239098032	289	2	validation	2
#00BFC4	0.155468450726199	290	2	validation	2
#00BFC4	0.156042379043794	291	2	validation	2
#00BFC4	0.155688954961582	292	2	validation	2
#00BFC4	0.155066035661412	293	2	validation	2
#00BFC4	0.155535928267111	294	2	validation	2
#00BFC4	0.155341733458221	295	2	validation	2
#00BFC4	0.154738565250959	296	2	validation	2
#00BFC4	0.155340831833112	297	2	validation	2
#00BFC4	0.154928438018962	298	2	validation	2
#00BFC4	0.15537128262552	299	2	validation	2
#00BFC4	0.154475488169428	300	2	validation	2
#00BFC4	0.155135387294454	301	2	validation	2
#00BFC4	0.154653609066881	302	2	validation	2
#00BFC4	0.154138657909945	303	2	validation	2
#00BFC4	0.154724566319774	304	2	validation	2
#00BFC4	0.154348985666397	305	2	validation	2
#00BFC4	0.153810321030589	306	2	validation	2
#00BFC4	0.154300522952978	307	2	validation	2
#00BFC4	0.154488842736786	308	2	validation	2
#00BFC4	0.153284099127329	309	2	validation	2
#00BFC4	0.154096101845916	310	2	validation	2
#00BFC4	0.154055909742266	311	2	validation	2
#00BFC4	0.154316612292355	312	2	validation	2
#00BFC4	0.153070766877539	313	2	validation	2
#00BFC4	0.153853159174502	314	2	validation	2
#00BFC4	0.153845672316702	315	2	validation	2
#00BFC4	0.152699862669404	316	2	validation	2
#00BFC4	0.153526629461988	317	2	validation	2
#00BFC4	0.153608451174538	318	2	validation	2
#00BFC4	0.153836955100823	319	2	validation	2
#00BFC4	0.152545035422125	320	2	validation	2
#00BFC4	0.153257683968848	321	2	validation	2
#00BFC4	0.153260337285454	322	2	validation	2
#00BFC4	0.152528867331745	323	2	validation	2
#00BFC4	0.152713155828125	324	2	validation	2
#00BFC4	0.152976036141637	325	2	validation	2
#00BFC4	0.153182484187642	326	2	validation	2
#00BFC4	0.152407862994301	327	2	validation	2
#00BFC4	0.152570713966831	328	2	validation	2
#00BFC4	0.152876734414464	329	2	validation	2
#00BFC4	0.152224458108213	330	2	validation	2
#00BFC4	0.152775622594701	331	2	validation	2
#00BFC4	0.152635507355556	332	2	validation	2
#00BFC4	0.152945861498827	333	2	validation	2
#00BFC4	0.151978683082709	334	2	validation	2
#00BFC4	0.152611974889402	335	2	validation	2
#00BFC4	0.152286344401237	336	2	validation	2
#00BFC4	0.152456603108782	337	2	validation	2
#00BFC4	0.151703996099562	338	2	validation	2
#00BFC4	0.151909621504552	339	2	validation	2
#00BFC4	0.152033216921416	340	2	validation	2
#00BFC4	0.151354602114246	341	2	validation	2
#00BFC4	0.151908889847815	342	2	validation	2
#00BFC4	0.151538340600477	343	2	validation	2
#00BFC4	0.151938844067138	344	2	validation	2
#00BFC4	0.151070775524829	345	2	validation	2
#00BFC4	0.151692320336378	346	2	validation	2
#00BFC4	0.151314615149733	347	2	validation	2
#00BFC4	0.151559118516703	348	2	validation	2
#00BFC4	0.150832563705085	349	2	validation	2
#00BFC4	0.151371969158901	350	2	validation	2
#00BFC4	0.151059683758603	351	2	validation	2
#00BFC4	0.151422337951862	352	2	validation	2
#00BFC4	0.15047153453857	353	2	validation	2
#00BFC4	0.151069911509073	354	2	validation	2
#00BFC4	0.150744509771855	355	2	validation	2
#00BFC4	0.151048345920682	356	2	validation	2
#00BFC4	0.150182988701973	357	2	validation	2
#00BFC4	0.150740213627395	358	2	validation	2
#00BFC4	0.150450825264314	359	2	validation	2
#00BFC4	0.150812962909428	360	2	validation	2
#00BFC4	0.14994509246726	361	2	validation	2
#00BFC4	0.150442783889508	362	2	validation	2
#00BFC4	0.150212896292782	363	2	validation	2
#00BFC4	0.150491064557822	364	2	validation	2
#00BFC4	0.149658276987973	365	2	validation	2
#00BFC4	0.150225118937259	366	2	validation	2
#00BFC4	0.150207362689941	367	2	validation	2
#00BFC4	0.150000932503029	368	2	validation	2
#00BFC4	0.15018806085029	369	2	validation	2
#00BFC4	0.149423551828462	370	2	validation	2
#00BFC4	0.149947463548171	371	2	validation	2
#00BFC4	0.149925321793996	372	2	validation	2
#00BFC4	0.149706718016506	373	2	validation	2
#00BFC4	0.149878622808417	374	2	validation	2
#00BFC4	0.149073809154791	375	2	validation	2
#00BFC4	0.14956529255185	376	2	validation	2
#00BFC4	0.14965385575906	377	2	validation	2
#00BFC4	0.149298337410005	378	2	validation	2
#00BFC4	0.149549767291436	379	2	validation	2
#00BFC4	0.148688190435023	380	2	validation	2
#00BFC4	0.149216194043777	381	2	validation	2
#00BFC4	0.149274271341457	382	2	validation	2
#00BFC4	0.149371708422206	383	2	validation	2
#00BFC4	0.149127435583795	384	2	validation	2
#00BFC4	0.148342625336454	385	2	validation	2
#00BFC4	0.148864485274557	386	2	validation	2
#00BFC4	0.148948511675481	387	2	validation	2
#00BFC4	0.149074045818072	388	2	validation	2
#00BFC4	0.148751199636195	389	2	validation	2
#00BFC4	0.147995966804653	390	2	validation	2
#00BFC4	0.148489106965137	391	2	validation	2
#00BFC4	0.148603212479674	392	2	validation	2
#00BFC4	0.14868922734563	393	2	validation	2
#00BFC4	0.148826479148562	394	2	validation	2
#00BFC4	0.147475692372308	395	2	validation	2
#00BFC4	0.147966454668172	396	2	validation	2
#00BFC4	0.148093803926341	397	2	validation	2
#00BFC4	0.148344200978171	398	2	validation	2
#00BFC4	0.148443931328	399	2	validation	2
#00BFC4	0.148197273660287	400	2	validation	2
#00BFC4	0.1474033930631	401	2	validation	2
#00BFC4	0.147887666548309	402	2	validation	2
#00BFC4	0.147994082690555	403	2	validation	2
#00BFC4	0.148098545949503	404	2	validation	2
#00BFC4	0.148310568441753	405	2	validation	2
#00BFC4	0.146893899534041	406	2	validation	2
#00BFC4	0.147482942364402	407	2	validation	2
#00BFC4	0.14757949691478	408	2	validation	2
#00BFC4	0.14771836093832	409	2	validation	2
#00BFC4	0.14784976012166	410	2	validation	2
#00BFC4	0.146992204081169	411	2	validation	2
#00BFC4	0.146858577570703	412	2	validation	2
#00BFC4	0.147096989188379	413	2	validation	2
#00BFC4	0.147248260288154	414	2	validation	2
#00BFC4	0.147320919600758	415	2	validation	2
#00BFC4	0.147487242939051	416	2	validation	2
#00BFC4	0.146573375105744	417	2	validation	2
#00BFC4	0.146498958516109	418	2	validation	2
#00BFC4	0.146723099870874	419	2	validation	2
#00BFC4	0.14684106022096	420	2	validation	2
#00BFC4	0.147056214910331	421	2	validation	2
#00BFC4	0.146123559306748	422	2	validation	2
#00BFC4	0.146413550971216	423	2	validation	2
#00BFC4	0.146132075111821	424	2	validation	2
#00BFC4	0.146445421156994	425	2	validation	2
#00BFC4	0.146553834537355	426	2	validation	2
#00BFC4	0.146696791909761	427	2	validation	2
#00BFC4	0.145730510277993	428	2	validation	2
#00BFC4	0.146093151392408	429	2	validation	2
#00BFC4	0.145797221816833	430	2	validation	2
#00BFC4	0.145975549895758	431	2	validation	2
#00BFC4	0.146134130098153	432	2	validation	2
#00BFC4	0.146258003457063	433	2	validation	2
#00BFC4	0.145298479475306	434	2	validation	2
#00BFC4	0.145621760980916	435	2	validation	2
#00BFC4	0.145302526886637	436	2	validation	2
#00BFC4	0.145420353253232	437	2	validation	2
#00BFC4	0.145564043945251	438	2	validation	2
#00BFC4	0.144573968198921	439	2	validation	2
#00BFC4	0.14501054311012	440	2	validation	2
#00BFC4	0.144711976279353	441	2	validation	2
#00BFC4	0.144800560459318	442	2	validation	2
#00BFC4	0.144946365519986	443	2	validation	2
#00BFC4	0.145107164508944	444	2	validation	2
#00BFC4	0.144157128074317	445	2	validation	2
#00BFC4	0.14446991115269	446	2	validation	2
#00BFC4	0.144204838369652	447	2	validation	2
#00BFC4	0.144369157016526	448	2	validation	2
#00BFC4	0.144595781044979	449	2	validation	2
#00BFC4	0.143650919950148	450	2	validation	2
#00BFC4	0.144008751136194	451	2	validation	2
#00BFC4	0.143803873927231	452	2	validation	2
#00BFC4	0.143951478445945	453	2	validation	2
#00BFC4	0.144150339190238	454	2	validation	2
#00BFC4	0.143298100274854	455	2	validation	2
#00BFC4	0.143573263842059	456	2	validation	2
#00BFC4	0.143402188928997	457	2	validation	2
#00BFC4	0.143618893073828	458	2	validation	2
#00BFC4	0.143632853002487	459	2	validation	2
#00BFC4	0.143854704221073	460	2	validation	2
#00BFC4	0.143003379285664	461	2	validation	2
#00BFC4	0.143257670667114	462	2	validation	2
#00BFC4	0.143093122395385	463	2	validation	2
#00BFC4	0.143321212114464	464	2	validation	2
#00BFC4	0.143442196116813	465	2	validation	2
#00BFC4	0.142632398819518	466	2	validation	2
#00BFC4	0.142988120752577	467	2	validation	2
#00BFC4	0.142744344166142	468	2	validation	2
#00BFC4	0.143005970257117	469	2	validation	2
#00BFC4	0.143220549197301	470	2	validation	2
#00BFC4	0.142319263723184	471	2	validation	2
#00BFC4	0.142701708160469	472	2	validation	2
#00BFC4	0.142531841578634	473	2	validation	2
#00BFC4	0.142706040273879	474	2	validation	2
#00BFC4	0.142945118178811	475	2	validation	2
#00BFC4	0.142124911168254	476	2	validation	2
#00BFC4	0.142383155008597	477	2	validation	2
#00BFC4	0.142638348487091	478	2	validation	2
#00BFC4	0.142431026269317	479	2	validation	2
#00BFC4	0.142576007298454	480	2	validation	2
#00BFC4	0.142775169320529	481	2	validation	2
#00BFC4	0.141962936427663	482	2	validation	2
#00BFC4	0.142200864398816	483	2	validation	2
#00BFC4	0.142447060471185	484	2	validation	2
#00BFC4	0.142239434100394	485	2	validation	2
#00BFC4	0.142486666069492	486	2	validation	2
#00BFC4	0.141627653972728	487	2	validation	2
#00BFC4	0.141963583822098	488	2	validation	2
#00BFC4	0.142142233574951	489	2	validation	2
#00BFC4	0.142072392653457	490	2	validation	2
#00BFC4	0.142467795737243	491	2	validation	2
#00BFC4	0.14162495875737	492	2	validation	2
#00BFC4	0.141919083931668	493	2	validation	2
#00BFC4	0.142225841019668	494	2	validation	2
#00BFC4	0.142042697868956	495	2	validation	2
#00BFC4	0.142213740570794	496	2	validation	2
#00BFC4	0.142423965459873	497	2	validation	2
#00BFC4	0.141626615487499	498	2	validation	2
#00BFC4	0.141877793587819	499	2	validation	2
#00BFC4	0.142141166925697	500	2	validation	2
#00BFC4	0.141938758760495	501	2	validation	2
#00BFC4	0.142181578040754	502	2	validation	2
#00BFC4	0.141338071391441	503	2	validation	2
#00BFC4	0.141658641427396	504	2	validation	2
#00BFC4	0.141829961527442	505	2	validation	2
#00BFC4	0.142073248588725	506	2	validation	2
#00BFC4	0.141836483563179	507	2	validation	2
#00BFC4	0.142071043545166	508	2	validation	2
#00BFC4	0.141234446229828	509	2	validation	2
#00BFC4	0.141551835103449	510	2	validation	2
#00BFC4	0.141719254378017	511	2	validation	2
#00BFC4	0.141930179442166	512	2	validation	2
#00BFC4	0.141734923788344	513	2	validation	2
#00BFC4	0.141998461802729	514	2	validation	2
#00BFC4	0.141121499440542	515	2	validation	2
#00BFC4	0.141387611508126	516	2	validation	2
#00BFC4	0.14161962711512	517	2	validation	2
#00BFC4	0.14174189290165	518	2	validation	2
#00BFC4	0.14154021184925	519	2	validation	2
#00BFC4	0.14180218410831	520	2	validation	2
#00BFC4	0.140913674641236	521	2	validation	2
#00BFC4	0.141242882114034	522	2	validation	2
#00BFC4	0.141455164980605	523	2	validation	2
#00BFC4	0.1416450407025	524	2	validation	2
#00BFC4	0.141751472524944	525	2	validation	2
#00BFC4	0.141545715171217	526	2	validation	2
#00BFC4	0.141804461261089	527	2	validation	2
#00BFC4	0.140967977792713	528	2	validation	2
#00BFC4	0.141199050515282	529	2	validation	2
#00BFC4	0.141405962507529	530	2	validation	2
#00BFC4	0.141634617852966	531	2	validation	2
#00BFC4	0.141424406686368	532	2	validation	2
#00BFC4	0.141670814480431	533	2	validation	2
#00BFC4	0.140784605082007	534	2	validation	2
#00BFC4	0.141113793527079	535	2	validation	2
#00BFC4	0.141327946670346	536	2	validation	2
#00BFC4	0.1414901275266	537	2	validation	2
#00BFC4	0.141599788755406	538	2	validation	2
#00BFC4	0.141397191797185	539	2	validation	2
#00BFC4	0.141634757124422	540	2	validation	2
#00BFC4	0.140806805995821	541	2	validation	2
#00BFC4	0.141031699720919	542	2	validation	2
#00BFC4	0.141237996559047	543	2	validation	2
#00BFC4	0.141446196999982	544	2	validation	2
#00BFC4	0.141617748559019	545	2	validation	2
#00BFC4	0.141364702518185	546	2	validation	2
#00BFC4	0.141505475239708	547	2	validation	2
#00BFC4	0.1407130976959	548	2	validation	2
#00BFC4	0.141016951164925	549	2	validation	2
#00BFC4	0.141180741384676	550	2	validation	2
#00BFC4	0.141300018500766	551	2	validation	2
#00BFC4	0.141488006895208	552	2	validation	2
#00BFC4	0.141271569068428	553	2	validation	2
#00BFC4	0.141470652476668	554	2	validation	2
#00BFC4	0.140579518325754	555	2	validation	2
#00BFC4	0.140881599018662	556	2	validation	2
#00BFC4	0.14108642797725	557	2	validation	2
#00BFC4	0.141268978921728	558	2	validation	2
#00BFC4	0.141361682347816	559	2	validation	2
#00BFC4	0.141524783107926	560	2	validation	2
#00BFC4	0.141363066449859	561	2	validation	2
#00BFC4	0.140501801241168	562	2	validation	2
#00BFC4	0.140724304220481	563	2	validation	2
#00BFC4	0.140929648413685	564	2	validation	2
#00BFC4	0.141149096804092	565	2	validation	2
#00BFC4	0.141320229991504	566	2	validation	2
#00BFC4	0.141453883954696	567	2	validation	2
#00BFC4	0.14113575783979	568	2	validation	2
#00BFC4	0.141348853640309	569	2	validation	2
#00BFC4	0.140551742842306	570	2	validation	2
#00BFC4	0.140800930343786	571	2	validation	2
#00BFC4	0.140910805203574	572	2	validation	2
#00BFC4	0.141115573629801	573	2	validation	2
#00BFC4	0.141296464501218	574	2	validation	2
#00BFC4	0.141436459032456	575	2	validation	2
#00BFC4	0.141185901038669	576	2	validation	2
#00BFC4	0.14036069613628	577	2	validation	2
#00BFC4	0.140659955122928	578	2	validation	2
#00BFC4	0.140879075203173	579	2	validation	2
#00BFC4	0.140953313252132	580	2	validation	2
#00BFC4	0.14114221367147	581	2	validation	2
#00BFC4	0.141310833816347	582	2	validation	2
#00BFC4	0.14143830438417	583	2	validation	2
#00BFC4	0.141176467422308	584	2	validation	2
#00BFC4	0.140348865772875	585	2	validation	2
#00BFC4	0.140639108190634	586	2	validation	2
#00BFC4	0.14085442524789	587	2	validation	2
#00BFC4	0.140926001554826	588	2	validation	2
#00BFC4	0.1411124562647	589	2	validation	2
#00BFC4	0.141279993037493	590	2	validation	2
#00BFC4	0.141407171468709	591	2	validation	2
#00BFC4	0.141144454920901	592	2	validation	2
#00BFC4	0.140315134217805	593	2	validation	2
#00BFC4	0.1406005855592	594	2	validation	2
#00BFC4	0.140841491665635	595	2	validation	2
#00BFC4	0.140962111917123	596	2	validation	2
#00BFC4	0.141062106697004	597	2	validation	2
#00BFC4	0.141238384845084	598	2	validation	2
#00BFC4	0.141013258292766	599	2	validation	2
#00BFC4	0.141216116796477	600	2	validation	2
#00BFC4	0.140373673375018	601	2	validation	2
#00BFC4	0.140560208205424	602	2	validation	2
#00BFC4	0.140805704474864	603	2	validation	2
#00BFC4	0.140960091963464	604	2	validation	2
#00BFC4	0.141129747297607	605	2	validation	2
#00BFC4	0.14125099642298	606	2	validation	2
#00BFC4	0.141310871441882	607	2	validation	2
#00BFC4	0.14113294558744	608	2	validation	2
#00BFC4	0.140303100493736	609	2	validation	2
#00BFC4	0.140566617606967	610	2	validation	2
#00BFC4	0.140779667854558	611	2	validation	2
#00BFC4	0.140853615031265	612	2	validation	2
#00BFC4	0.141040224403012	613	2	validation	2
#00BFC4	0.141205212826158	614	2	validation	2
#00BFC4	0.141347336327411	615	2	validation	2
#00BFC4	0.141141980683141	616	2	validation	2
#00BFC4	0.140214159848147	617	2	validation	2
#00BFC4	0.140486706559733	618	2	validation	2
#00BFC4	0.14073986897265	619	2	validation	2
#00BFC4	0.140935763997936	620	2	validation	2
#00BFC4	0.141061809658688	621	2	validation	2
#00BFC4	0.141188322464006	622	2	validation	2
#00BFC4	0.141258556544692	623	2	validation	2
#00BFC4	0.141090956841106	624	2	validation	2
#00BFC4	0.140257314149838	625	2	validation	2
#00BFC4	0.140487393964922	626	2	validation	2
#00BFC4	0.140655430807558	627	2	validation	2
#00BFC4	0.140863374568617	628	2	validation	2
#00BFC4	0.141006528874017	629	2	validation	2
#00BFC4	0.141176884593164	630	2	validation	2
#00BFC4	0.141298841577557	631	2	validation	2
#00BFC4	0.140978645508326	632	2	validation	2
#00BFC4	0.141171630884597	633	2	validation	2
#00BFC4	0.140372994723906	634	2	validation	2
#00BFC4	0.140612341404116	635	2	validation	2
#00BFC4	0.140812843222179	636	2	validation	2
#00BFC4	0.140927984343081	637	2	validation	2
#00BFC4	0.141064953089366	638	2	validation	2
#00BFC4	0.141234806298754	639	2	validation	2
#00BFC4	0.141384003994915	640	2	validation	2
#00BFC4	0.141198612951489	641	2	validation	2
#00BFC4	0.140296611321879	642	2	validation	2
#00BFC4	0.140475659456913	643	2	validation	2
#00BFC4	0.140733537062987	644	2	validation	2
#00BFC4	0.140949121040393	645	2	validation	2
#00BFC4	0.141082529762653	646	2	validation	2
#00BFC4	0.141217391850665	647	2	validation	2
#00BFC4	0.141296341425221	648	2	validation	2
#00BFC4	0.141063804436461	649	2	validation	2
#00BFC4	0.141256438170223	650	2	validation	2
#00BFC4	0.140431333148955	651	2	validation	2
#00BFC4	0.14063755430888	652	2	validation	2
#00BFC4	0.140798404951272	653	2	validation	2
#00BFC4	0.141004326938469	654	2	validation	2
#00BFC4	0.141148200751323	655	2	validation	2
#00BFC4	0.141320926576318	656	2	validation	2
#00BFC4	0.141444972028659	657	2	validation	2
#00BFC4	0.141183489310761	658	2	validation	2
#00BFC4	0.14032329154113	659	2	validation	2
#00BFC4	0.140579151072492	660	2	validation	2
#00BFC4	0.140827368361175	661	2	validation	2
#00BFC4	0.141034636100412	662	2	validation	2
#00BFC4	0.141138949462323	663	2	validation	2
#00BFC4	0.141229112173204	664	2	validation	2
#00BFC4	0.141398454020443	665	2	validation	2
#00BFC4	0.141169848174425	666	2	validation	2
#00BFC4	0.141351138332181	667	2	validation	2
#00BFC4	0.140493948333936	668	2	validation	2
#00BFC4	0.14064679054147	669	2	validation	2
#00BFC4	0.140892445021386	670	2	validation	2
#00BFC4	0.141101547000037	671	2	validation	2
#00BFC4	0.141230685050884	672	2	validation	2
#00BFC4	0.141391364238046	673	2	validation	2
#00BFC4	0.141517262793586	674	2	validation	2
#00BFC4	0.141194419931554	675	2	validation	2
#00BFC4	0.141372858176554	676	2	validation	2
#00BFC4	0.140564606528101	677	2	validation	2
#00BFC4	0.140787973398587	678	2	validation	2
#00BFC4	0.141023576597022	679	2	validation	2
#00BFC4	0.141190606927625	680	2	validation	2
#00BFC4	0.141242689347997	681	2	validation	2
#00BFC4	0.141411752843073	682	2	validation	2
#00BFC4	0.141577176143825	683	2	validation	2
#00BFC4	0.141335404363835	684	2	validation	2
#00BFC4	0.141503486800917	685	2	validation	2
#00BFC4	0.140648854057621	686	2	validation	2
#00BFC4	0.140793002832253	687	2	validation	2
#00BFC4	0.141036365186674	688	2	validation	2
#00BFC4	0.141244786642121	689	2	validation	2
#00BFC4	0.141423254653656	690	2	validation	2
#00BFC4	0.141531524793541	691	2	validation	2
#00BFC4	0.141656376248007	692	2	validation	2
#00BFC4	0.14133583646927	693	2	validation	2
#00BFC4	0.141508131023491	694	2	validation	2
#00BFC4	0.140704454740149	695	2	validation	2
#00BFC4	0.140919899878041	696	2	validation	2
#00BFC4	0.141155065619415	697	2	validation	2
#00BFC4	0.141322319902817	698	2	validation	2
#00BFC4	0.141425102598805	699	2	validation	2
#00BFC4	0.141542647016766	700	2	validation	2
#00BFC4	0.141709481744987	701	2	validation	2
#00BFC4	0.141471680346388	702	2	validation	2
#00BFC4	0.141638151324786	703	2	validation	2
#00BFC4	0.14078912289625	704	2	validation	2
#00BFC4	0.140925264581503	705	2	validation	2
#00BFC4	0.14116749635698	706	2	validation	2
#00BFC4	0.141381911034795	707	2	validation	2
#00BFC4	0.141571314291844	708	2	validation	2
#00BFC4	0.141687810891843	709	2	validation	2
#00BFC4	0.141802224641961	710	2	validation	2
#00BFC4	0.141866547492716	711	2	validation	2
#00BFC4	0.14167495401338	712	2	validation	2
#00BFC4	0.140819177217555	713	2	validation	2
#00BFC4	0.141032961207308	714	2	validation	2
#00BFC4	0.141242691965877	715	2	validation	2
#00BFC4	0.141371873603186	716	2	validation	2
#00BFC4	0.141560792912022	717	2	validation	2
#00BFC4	0.141695099061451	718	2	validation	2
#00BFC4	0.141858684040116	719	2	validation	2
#00BFC4	0.142005403510764	720	2	validation	2
#00BFC4	0.141785734606413	721	2	validation	2
#00BFC4	0.140833094045647	722	2	validation	2
#00BFC4	0.141051300453726	723	2	validation	2
#00BFC4	0.141303922591855	724	2	validation	2
#00BFC4	0.141392987303892	725	2	validation	2
#00BFC4	0.141624596517084	726	2	validation	2
#00BFC4	0.141594402811455	727	2	validation	2
#00BFC4	0.141715597296034	728	2	validation	2
#00BFC4	0.141748325111024	729	2	validation	2
#00BFC4	0.14156769920757	730	2	validation	2
#00BFC4	0.14172948829485	731	2	validation	2
#00BFC4	0.140788148080749	732	2	validation	2
#00BFC4	0.140998022340795	733	2	validation	2
#00BFC4	0.141155573486613	734	2	validation	2
#00BFC4	0.141359229090277	735	2	validation	2
#00BFC4	0.141427685612676	736	2	validation	2
#00BFC4	0.141637392215724	737	2	validation	2
#00BFC4	0.141618415485305	738	2	validation	2
#00BFC4	0.141802106240344	739	2	validation	2
#00BFC4	0.141783872142747	740	2	validation	2
#00BFC4	0.141561506846185	741	2	validation	2
#00BFC4	0.140575978095554	742	2	validation	2
#00BFC4	0.140826820335976	743	2	validation	2
#00BFC4	0.141065437189505	744	2	validation	2
#00BFC4	0.141269651061967	745	2	validation	2
#00BFC4	0.141302485928581	746	2	validation	2
#00BFC4	0.141437282857588	747	2	validation	2
#00BFC4	0.141434361025535	748	2	validation	2
#00BFC4	0.141630417324	749	2	validation	2
#00BFC4	0.141646681308341	750	2	validation	2
#00BFC4	0.141820562141025	751	2	validation	2
#00BFC4	0.141422432560459	752	2	validation	2
#00BFC4	0.141534011447189	753	2	validation	2
#00BFC4	0.140608979839079	754	2	validation	2
#00BFC4	0.140844038266316	755	2	validation	2
#00BFC4	0.141070820258484	756	2	validation	2
#00BFC4	0.14126633858778	757	2	validation	2
#00BFC4	0.141292861251438	758	2	validation	2
#00BFC4	0.141422157730779	759	2	validation	2
#00BFC4	0.141416574920031	760	2	validation	2
#00BFC4	0.141609204212028	761	2	validation	2
#00BFC4	0.141631543937683	762	2	validation	2
#00BFC4	0.141320156795843	763	2	validation	2
#00BFC4	0.141488681711226	764	2	validation	2
#00BFC4	0.14048352293052	765	2	validation	2
#00BFC4	0.140711427707839	766	2	validation	2
#00BFC4	0.140949021576039	767	2	validation	2
#00BFC4	0.141147566032099	768	2	validation	2
#00BFC4	0.141213689953198	769	2	validation	2
#00BFC4	0.141385934726347	770	2	validation	2
#00BFC4	0.141349406598979	771	2	validation	2
#00BFC4	0.141491291006243	772	2	validation	2
#00BFC4	0.141518191574663	773	2	validation	2
#00BFC4	0.14157946190812	774	2	validation	2
#00BFC4	0.141384855817816	775	2	validation	2
#00BFC4	0.141383875658165	776	2	validation	2
#00BFC4	0.140538028544703	777	2	validation	2
#00BFC4	0.140717952587792	778	2	validation	2
#00BFC4	0.140951962256035	779	2	validation	2
#00BFC4	0.141039078307885	780	2	validation	2
#00BFC4	0.141261839680288	781	2	validation	2
#00BFC4	0.1412792061541	782	2	validation	2
#00BFC4	0.141288191287366	783	2	validation	2
#00BFC4	0.141431919423605	784	2	validation	2
#00BFC4	0.141460911604675	785	2	validation	2
#00BFC4	0.141523897788318	786	2	validation	2
#00BFC4	0.141295271172474	787	2	validation	2
#00BFC4	0.141250691739469	788	2	validation	2
#00BFC4	0.140489405189545	789	2	validation	2
#00BFC4	0.140668459347095	790	2	validation	2
#00BFC4	0.140894110971083	791	2	validation	2
#00BFC4	0.140985415091156	792	2	validation	2
#00BFC4	0.14117411516932	793	2	validation	2
#00BFC4	0.141154052436735	794	2	validation	2
#00BFC4	0.14124220669824	795	2	validation	2
#00BFC4	0.141395252770647	796	2	validation	2
#00BFC4	0.141418509671943	797	2	validation	2
#00BFC4	0.141485831693092	798	2	validation	2
#00BFC4	0.141258443449403	799	2	validation	2
#00BFC4	0.141217159306461	800	2	validation	2
#00BFC4	0.140457402951461	801	2	validation	2
#00BFC4	0.140632459885148	802	2	validation	2
#00BFC4	0.140858373833395	803	2	validation	2
#00BFC4	0.140952463778607	804	2	validation	2
#00BFC4	0.141033397138562	805	2	validation	2
#00BFC4	0.141168756843784	806	2	validation	2
#00BFC4	0.141218038229736	807	2	validation	2
#00BFC4	0.141304707369817	808	2	validation	2
#00BFC4	0.141438070894465	809	2	validation	2
#00BFC4	0.141457803153016	810	2	validation	2
#00BFC4	0.141481748134134	811	2	validation	2
#00BFC4	0.141103541682822	812	2	validation	2
#00BFC4	0.141281861872602	813	2	validation	2
#00BFC4	0.140494951479709	814	2	validation	2
#00BFC4	0.140652629018621	815	2	validation	2
#00BFC4	0.14073508468493	816	2	validation	2
#00BFC4	0.140900456249195	817	2	validation	2
#00BFC4	0.140980346426583	818	2	validation	2
#00BFC4	0.14108939533246	819	2	validation	2
#00BFC4	0.141285984225321	820	2	validation	2
#00BFC4	0.141326905115623	821	2	validation	2
#00BFC4	0.141315146367789	822	2	validation	2
#00BFC4	0.14140869847172	823	2	validation	2
#00BFC4	0.141431834562833	824	2	validation	2
#00BFC4	0.141185500833558	825	2	validation	2
#00BFC4	0.140369954263455	826	2	validation	2
#00BFC4	0.140494304528032	827	2	validation	2
#00BFC4	0.140651077679142	828	2	validation	2
#00BFC4	0.140756911200695	829	2	validation	2
#00BFC4	0.140889910737528	830	2	validation	2
#00BFC4	0.141105153576623	831	2	validation	2
#00BFC4	0.141162272936379	832	2	validation	2
#00BFC4	0.141246948511756	833	2	validation	2
#00BFC4	0.141350692764578	834	2	validation	2
#00BFC4	0.141302528704059	835	2	validation	2
#00BFC4	0.141370174362509	836	2	validation	2
#00BFC4	0.141087299337241	837	2	validation	2
#00BFC4	0.141266884480316	838	2	validation	2
#00BFC4	0.140335080181375	839	2	validation	2
#00BFC4	0.140449635877546	840	2	validation	2
#00BFC4	0.140676275686175	841	2	validation	2
#00BFC4	0.140885853141923	842	2	validation	2
#00BFC4	0.140967449697152	843	2	validation	2
#00BFC4	0.141074070871261	844	2	validation	2
#00BFC4	0.141134929240374	845	2	validation	2
#00BFC4	0.141248915551401	846	2	validation	2
#00BFC4	0.141241682195109	847	2	validation	2
#00BFC4	0.141315141776608	848	2	validation	2
#00BFC4	0.141384693637305	849	2	validation	2
#00BFC4	0.14109610180497	850	2	validation	2
#00BFC4	0.141236316765268	851	2	validation	2
#00BFC4	0.140268858569886	852	2	validation	2
#00BFC4	0.140453307496595	853	2	validation	2
#00BFC4	0.140685272210915	854	2	validation	2
#00BFC4	0.140888615510169	855	2	validation	2
#00BFC4	0.140973519390314	856	2	validation	2
#00BFC4	0.141044664616649	857	2	validation	2
#00BFC4	0.141067118612937	858	2	validation	2
#00BFC4	0.14125876209	859	2	validation	2
#00BFC4	0.141261740823576	860	2	validation	2
#00BFC4	0.141329718302797	861	2	validation	2
#00BFC4	0.141401290201688	862	2	validation	2
#00BFC4	0.141077355381347	863	2	validation	2
#00BFC4	0.141173283213139	864	2	validation	2
#00BFC4	0.140290192773364	865	2	validation	2
#00BFC4	0.140475654237372	866	2	validation	2
#00BFC4	0.140701032668004	867	2	validation	2
#00BFC4	0.140807789920637	868	2	validation	2
#00BFC4	0.140992529622836	869	2	validation	2
#00BFC4	0.14099289715524	870	2	validation	2
#00BFC4	0.141089985373048	871	2	validation	2
#00BFC4	0.141188850910698	872	2	validation	2
#00BFC4	0.141368480938153	873	2	validation	2
#00BFC4	0.14136080544534	874	2	validation	2
#00BFC4	0.141388967668473	875	2	validation	2
#00BFC4	0.141029915533236	876	2	validation	2
#00BFC4	0.141197340952316	877	2	validation	2
#00BFC4	0.140329468107481	878	2	validation	2
#00BFC4	0.140505185960164	879	2	validation	2
#00BFC4	0.140692411305433	880	2	validation	2
#00BFC4	0.140725715176578	881	2	validation	2
#00BFC4	0.140851506238314	882	2	validation	2
#00BFC4	0.141069481324686	883	2	validation	2
#00BFC4	0.141134368745842	884	2	validation	2
#00BFC4	0.141222996330811	885	2	validation	2
#00BFC4	0.141271062988308	886	2	validation	2
#00BFC4	0.141226954525701	887	2	validation	2
#00BFC4	0.141297009718413	888	2	validation	2
#00BFC4	0.141122795622234	889	2	validation	2
#00BFC4	0.141157704966851	890	2	validation	2
#00BFC4	0.140318074109589	891	2	validation	2
#00BFC4	0.140452472558615	892	2	validation	2
#00BFC4	0.140605972697936	893	2	validation	2
#00BFC4	0.140716172343565	894	2	validation	2
#00BFC4	0.14094551313951	895	2	validation	2
#00BFC4	0.141026870105229	896	2	validation	2
#00BFC4	0.141128910033237	897	2	validation	2
#00BFC4	0.141185204874973	898	2	validation	2
#00BFC4	0.141196425066871	899	2	validation	2
#00BFC4	0.141231022211894	900	2	validation	2
#00BFC4	0.14140733153306	901	2	validation	2
#00BFC4	0.141094431998715	902	2	validation	2
#00BFC4	0.14116303981911	903	2	validation	2
#00BFC4	0.140386386473357	904	2	validation	2
#00BFC4	0.140448729868678	905	2	validation	2
#00BFC4	0.140575837863768	906	2	validation	2
#00BFC4	0.140821599976181	907	2	validation	2
#00BFC4	0.140920661580112	908	2	validation	2
#00BFC4	0.14103709276638	909	2	validation	2
#00BFC4	0.141105252332729	910	2	validation	2
#00BFC4	0.141125665700045	911	2	validation	2
#00BFC4	0.141212745439284	912	2	validation	2
#00BFC4	0.141256630849176	913	2	validation	2
#00BFC4	0.141423163554194	914	2	validation	2
#00BFC4	0.141459438220674	915	2	validation	2
#00BFC4	0.141140025168147	916	2	validation	2
#00BFC4	0.141125220536293	917	2	validation	2
#00BFC4	0.140391254710411	918	2	validation	2
#00BFC4	0.140524728922253	919	2	validation	2
#00BFC4	0.140652654940455	920	2	validation	2
#00BFC4	0.140853054665961	921	2	validation	2
#00BFC4	0.140876924335498	922	2	validation	2
#00BFC4	0.140990022924868	923	2	validation	2
#00BFC4	0.141102582310186	924	2	validation	2
#00BFC4	0.141199583499679	925	2	validation	2
#00BFC4	0.141290333485178	926	2	validation	2
#00BFC4	0.141331678382752	927	2	validation	2
#00BFC4	0.14136931084815	928	2	validation	2
#00BFC4	0.14102472018814	929	2	validation	2
#00BFC4	0.14118322397658	930	2	validation	2
#00BFC4	0.140334036407861	931	2	validation	2
#00BFC4	0.140490671374318	932	2	validation	2
#00BFC4	0.140685676683648	933	2	validation	2
#00BFC4	0.14071860634311	934	2	validation	2
#00BFC4	0.140848002453177	935	2	validation	2
#00BFC4	0.140975778238997	936	2	validation	2
#00BFC4	0.141086405629405	937	2	validation	2
#00BFC4	0.141277072441877	938	2	validation	2
#00BFC4	0.141335374614855	939	2	validation	2
#00BFC4	0.141383416801209	940	2	validation	2
#00BFC4	0.141367633153927	941	2	validation	2
#00BFC4	0.141435146891353	942	2	validation	2
#00BFC4	0.141166095705265	943	2	validation	2
#00BFC4	0.141188848908501	944	2	validation	2
#00BFC4	0.140384163207408	945	2	validation	2
#00BFC4	0.140500116824411	946	2	validation	2
#00BFC4	0.140644082930912	947	2	validation	2
#00BFC4	0.140870780999986	948	2	validation	2
#00BFC4	0.140974598482191	949	2	validation	2
#00BFC4	0.141056115327071	950	2	validation	2
#00BFC4	0.141091733723958	951	2	validation	2
#00BFC4	0.141188736521673	952	2	validation	2
#00BFC4	0.141286166707972	953	2	validation	2
#00BFC4	0.141369493365391	954	2	validation	2
#00BFC4	0.141407813092217	955	2	validation	2
#00BFC4	0.141440475015171	956	2	validation	2
#00BFC4	0.141098175793518	957	2	validation	2
#00BFC4	0.141241061210075	958	2	validation	2
#00BFC4	0.14040179101602	959	2	validation	2
#00BFC4	0.140546872035651	960	2	validation	2
#00BFC4	0.140691664212847	961	2	validation	2
#00BFC4	0.140884691496259	962	2	validation	2
#00BFC4	0.140937254852869	963	2	validation	2
#00BFC4	0.141053963265643	964	2	validation	2
#00BFC4	0.141163526556441	965	2	validation	2
#00BFC4	0.141264592252442	966	2	validation	2
#00BFC4	0.141323913884035	967	2	validation	2
#00BFC4	0.141355860043579	968	2	validation	2
#00BFC4	0.141391037302186	969	2	validation	2
#00BFC4	0.141459450238326	970	2	validation	2
#00BFC4	0.141201888407247	971	2	validation	2
#00BFC4	0.141236379944606	972	2	validation	2
#00BFC4	0.140381177579569	973	2	validation	2
#00BFC4	0.140519265571729	974	2	validation	2
#00BFC4	0.140721186626598	975	2	validation	2
#00BFC4	0.140784054138489	976	2	validation	2
#00BFC4	0.140912477574501	977	2	validation	2
#00BFC4	0.141014502192522	978	2	validation	2
#00BFC4	0.14107854386841	979	2	validation	2
#00BFC4	0.141181611384451	980	2	validation	2
#00BFC4	0.141254523708095	981	2	validation	2
#00BFC4	0.141294360366836	982	2	validation	2
#00BFC4	0.141335030075593	983	2	validation	2
#00BFC4	0.141387555781422	984	2	validation	2
#00BFC4	0.141084807484357	985	2	validation	2
#00BFC4	0.141245621547785	986	2	validation	2
#00BFC4	0.140383907634882	987	2	validation	2
#00BFC4	0.140477825356165	988	2	validation	2
#00BFC4	0.140714815905696	989	2	validation	2
#00BFC4	0.140802281695204	990	2	validation	2
#00BFC4	0.140899709515471	991	2	validation	2
#00BFC4	0.141037640061923	992	2	validation	2
#00BFC4	0.141126682554727	993	2	validation	2
#00BFC4	0.141192952048904	994	2	validation	2
#00BFC4	0.141258586969808	995	2	validation	2
#00BFC4	0.141301456855761	996	2	validation	2
#00BFC4	0.141351833615574	997	2	validation	2
#00BFC4	0.141401005024467	998	2	validation	2
#00BFC4	0.141099622900837	999	2	validation	2
#00BFC4	0.141166349483175	1000	2	validation	2
#F8766D	64	1	1	subtrain	3
#F8766D	58	2	1	subtrain	3
#F8766D	52	3	1	subtrain	3
#F8766D	42	4	1	subtrain	3
#F8766D	34	5	1	subtrain	3
#F8766D	18	6	1	subtrain	3
#F8766D	20	7	1	subtrain	3
#F8766D	20	8	1	subtrain	3
#F8766D	22	9	1	subtrain	3
#F8766D	26	10	1	subtrain	3
#F8766D	28	11	1	subtrain	3
#F8766D	30	12	1	subtrain	3
#F8766D	32	13	1	subtrain	3
#F8766D	34	14	1	subtrain	3
#F8766D	34	15	1	subtrain	3
#F8766D	34	16	1	subtrain	3
#F8766D	34	17	1	subtrain	3
#F8766D	34	18	1	subtrain	3
#F8766D	34	19	1	subtrain	3
#F8766D	34	20	1	subtrain	3
#F8766D	34	21	1	subtrain	3
#F8766D	34	22	1	subtrain	3
#F8766D	34	23	1	subtrain	3
#F8766D	34	24	1	subtrain	3
#F8766D	34	25	1	subtrain	3
#F8766D	32	26	1	subtrain	3
#F8766D	32	27	1	subtrain	3
#F8766D	30	28	1	subtrain	3
#F8766D	30	29	1	subtrain	3
#F8766D	30	30	1	subtrain	3
#F8766D	28	31	1	subtrain	3
#F8766D	28	32	1	subtrain	3
#F8766D	28	33	1	subtrain	3
#F8766D	28	34	1	subtrain	3
#F8766D	28	35	1	subtrain	3
#F8766D	28	36	1	subtrain	3
#F8766D	28	37	1	subtrain	3
#F8766D	26	38	1	subtrain	3
#F8766D	26	39	1	subtrain	3
#F8766D	26	40	1	subtrain	3
#F8766D	26	41	1	subtrain	3
#F8766D	26	42	1	subtrain	3
#F8766D	26	43	1	subtrain	3
#F8766D	26	44	1	subtrain	3
#F8766D	26	45	1	subtrain	3
#F8766D	26	46	1	subtrain	3
#F8766D	26	47	1	subtrain	3
#F8766D	26	48	1	subtrain	3
#F8766D	26	49	1	subtrain	3
#F8766D	28	50	1	subtrain	3
#F8766D	28	51	1	subtrain	3
#F8766D	28	52	1	subtrain	3
#F8766D	26	53	1	subtrain	3
#F8766D	26	54	1	subtrain	3
#F8766D	26	55	1	subtrain	3
#F8766D	26	56	1	subtrain	3
#F8766D	26	57	1	subtrain	3
#F8766D	26	58	1	subtrain	3
#F8766D	26	59	1	subtrain	3
#F8766D	26	60	1	subtrain	3
#F8766D	26	61	1	subtrain	3
#F8766D	26	62	1	subtrain	3
#F8766D	24	63	1	subtrain	3
#F8766D	24	64	1	subtrain	3
#F8766D	24	65	1	subtrain	3
#F8766D	24	66	1	subtrain	3
#F8766D	24	67	1	subtrain	3
#F8766D	24	68	1	subtrain	3
#F8766D	24	69	1	subtrain	3
#F8766D	24	70	1	subtrain	3
#F8766D	24	71	1	subtrain	3
#F8766D	24	72	1	subtrain	3
#F8766D	24	73	1	subtrain	3
#F8766D	24	74	1	subtrain	3
#F8766D	24	75	1	subtrain	3
#F8766D	24	76	1	subtrain	3
#F8766D	24	77	1	subtrain	3
#F8766D	24	78	1	subtrain	3
#F8766D	24	79	1	subtrain	3
#F8766D	24	80	1	subtrain	3
#F8766D	22	81	1	subtrain	3
#F8766D	20	82	1	subtrain	3
#F8766D	20	83	1	subtrain	3
#F8766D	20	84	1	subtrain	3
#F8766D	20	85	1	subtrain	3
#F8766D	20	86	1	subtrain	3
#F8766D	20	87	1	subtrain	3
#F8766D	20	88	1	subtrain	3
#F8766D	20	89	1	subtrain	3
#F8766D	20	90	1	subtrain	3
#F8766D	20	91	1	subtrain	3
#F8766D	20	92	1	subtrain	3
#F8766D	20	93	1	subtrain	3
#F8766D	20	94	1	subtrain	3
#F8766D	20	95	1	subtrain	3
#F8766D	20	96	1	subtrain	3
#F8766D	20	97	1	subtrain	3
#F8766D	20	98	1	subtrain	3
#F8766D	20	99	1	subtrain	3
#F8766D	20	100	1	subtrain	3
#F8766D	20	101	1	subtrain	3
#F8766D	20	102	1	subtrain	3
#F8766D	20	103	1	subtrain	3
#F8766D	20	104	1	subtrain	3
#F8766D	20	105	1	subtrain	3
#F8766D	20	106	1	subtrain	3
#F8766D	20	107	1	subtrain	3
#F8766D	20	108	1	subtrain	3
#F8766D	20	109	1	subtrain	3
#F8766D	20	110	1	subtrain	3
#F8766D	20	111	1	subtrain	3
#F8766D	20	112	1	subtrain	3
#F8766D	20	113	1	subtrain	3
#F8766D	20	114	1	subtrain	3
#F8766D	20	115	1	subtrain	3
#F8766D	20	116	1	subtrain	3
#F8766D	20	117	1	subtrain	3
#F8766D	20	118	1	subtrain	3
#F8766D	20	119	1	subtrain	3
#F8766D	20	120	1	subtrain	3
#F8766D	20	121	1	subtrain	3
#F8766D	20	122	1	subtrain	3
#F8766D	22	123	1	subtrain	3
#F8766D	22	124	1	subtrain	3
#F8766D	22	125	1	subtrain	3
#F8766D	22	126	1	subtrain	3
#F8766D	22	127	1	subtrain	3
#F8766D	22	128	1	subtrain	3
#F8766D	22	129	1	subtrain	3
#F8766D	22	130	1	subtrain	3
#F8766D	22	131	1	subtrain	3
#F8766D	22	132	1	subtrain	3
#F8766D	22	133	1	subtrain	3
#F8766D	22	134	1	subtrain	3
#F8766D	22	135	1	subtrain	3
#F8766D	22	136	1	subtrain	3
#F8766D	22	137	1	subtrain	3
#F8766D	22	138	1	subtrain	3
#F8766D	22	139	1	subtrain	3
#F8766D	22	140	1	subtrain	3
#F8766D	22	141	1	subtrain	3
#F8766D	22	142	1	subtrain	3
#F8766D	22	143	1	subtrain	3
#F8766D	22	144	1	subtrain	3
#F8766D	22	145	1	subtrain	3
#F8766D	22	146	1	subtrain	3
#F8766D	22	147	1	subtrain	3
#F8766D	22	148	1	subtrain	3
#F8766D	22	149	1	subtrain	3
#F8766D	22	150	1	subtrain	3
#F8766D	22	151	1	subtrain	3
#F8766D	22	152	1	subtrain	3
#F8766D	22	153	1	subtrain	3
#F8766D	22	154	1	subtrain	3
#F8766D	22	155	1	subtrain	3
#F8766D	22	156	1	subtrain	3
#F8766D	22	157	1	subtrain	3
#F8766D	22	158	1	subtrain	3
#F8766D	22	159	1	subtrain	3
#F8766D	22	160	1	subtrain	3
#F8766D	22	161	1	subtrain	3
#F8766D	22	162	1	subtrain	3
#F8766D	22	163	1	subtrain	3
#F8766D	22	164	1	subtrain	3
#F8766D	22	165	1	subtrain	3
#F8766D	22	166	1	subtrain	3
#F8766D	22	167	1	subtrain	3
#F8766D	22	168	1	subtrain	3
#F8766D	22	169	1	subtrain	3
#F8766D	22	170	1	subtrain	3
#F8766D	22	171	1	subtrain	3
#F8766D	22	172	1	subtrain	3
#F8766D	22	173	1	subtrain	3
#F8766D	22	174	1	subtrain	3
#F8766D	22	175	1	subtrain	3
#F8766D	22	176	1	subtrain	3
#F8766D	22	177	1	subtrain	3
#F8766D	22	178	1	subtrain	3
#F8766D	22	179	1	subtrain	3
#F8766D	22	180	1	subtrain	3
#F8766D	22	181	1	subtrain	3
#F8766D	22	182	1	subtrain	3
#F8766D	22	183	1	subtrain	3
#F8766D	22	184	1	subtrain	3
#F8766D	22	185	1	subtrain	3
#F8766D	22	186	1	subtrain	3
#F8766D	22	187	1	subtrain	3
#F8766D	22	188	1	subtrain	3
#F8766D	22	189	1	subtrain	3
#F8766D	22	190	1	subtrain	3
#F8766D	22	191	1	subtrain	3
#F8766D	22	192	1	subtrain	3
#F8766D	22	193	1	subtrain	3
#F8766D	22	194	1	subtrain	3
#F8766D	22	195	1	subtrain	3
#F8766D	22	196	1	subtrain	3
#F8766D	22	197	1	subtrain	3
#F8766D	24	198	1	subtrain	3
#F8766D	24	199	1	subtrain	3
#F8766D	24	200	1	subtrain	3
#F8766D	24	201	1	subtrain	3
#F8766D	24	202	1	subtrain	3
#F8766D	24	203	1	subtrain	3
#F8766D	24	204	1	subtrain	3
#F8766D	24	205	1	subtrain	3
#F8766D	24	206	1	subtrain	3
#F8766D	24	207	1	subtrain	3
#F8766D	24	208	1	subtrain	3
#F8766D	24	209	1	subtrain	3
#F8766D	24	210	1	subtrain	3
#F8766D	24	211	1	subtrain	3
#F8766D	24	212	1	subtrain	3
#F8766D	24	213	1	subtrain	3
#F8766D	24	214	1	subtrain	3
#F8766D	24	215	1	subtrain	3
#F8766D	24	216	1	subtrain	3
#F8766D	24	217	1	subtrain	3
#F8766D	24	218	1	subtrain	3
#F8766D	24	219	1	subtrain	3
#F8766D	24	220	1	subtrain	3
#F8766D	24	221	1	subtrain	3
#F8766D	24	222	1	subtrain	3
#F8766D	24	223	1	subtrain	3
#F8766D	24	224	1	subtrain	3
#F8766D	24	225	1	subtrain	3
#F8766D	24	226	1	subtrain	3
#F8766D	24	227	1	subtrain	3
#F8766D	24	228	1	subtrain	3
#F8766D	24	229	1	subtrain	3
#F8766D	24	230	1	subtrain	3
#F8766D	24	231	1	subtrain	3
#F8766D	24	232	1	subtrain	3
#F8766D	24	233	1	subtrain	3
#F8766D	24	234	1	subtrain	3
#F8766D	24	235	1	subtrain	3
#F8766D	24	236	1	subtrain	3
#F8766D	24	237	1	subtrain	3
#F8766D	24	238	1	subtrain	3
#F8766D	24	239	1	subtrain	3
#F8766D	24	240	1	subtrain	3
#F8766D	24	241	1	subtrain	3
#F8766D	24	242	1	subtrain	3
#F8766D	24	243	1	subtrain	3
#F8766D	24	244	1	subtrain	3
#F8766D	24	245	1	subtrain	3
#F8766D	24	246	1	subtrain	3
#F8766D	24	247	1	subtrain	3
#F8766D	24	248	1	subtrain	3
#F8766D	24	249	1	subtrain	3
#F8766D	24	250	1	subtrain	3
#F8766D	24	251	1	subtrain	3
#F8766D	24	252	1	subtrain	3
#F8766D	24	253	1	subtrain	3
#F8766D	24	254	1	subtrain	3
#F8766D	24	255	1	subtrain	3
#F8766D	24	256	1	subtrain	3
#F8766D	24	257	1	subtrain	3
#F8766D	24	258	1	subtrain	3
#F8766D	24	259	1	subtrain	3
#F8766D	24	260	1	subtrain	3
#F8766D	24	261	1	subtrain	3
#F8766D	24	262	1	subtrain	3
#F8766D	24	263	1	subtrain	3
#F8766D	24	264	1	subtrain	3
#F8766D	24	265	1	subtrain	3
#F8766D	24	266	1	subtrain	3
#F8766D	24	267	1	subtrain	3
#F8766D	24	268	1	subtrain	3
#F8766D	24	269	1	subtrain	3
#F8766D	24	270	1	subtrain	3
#F8766D	24	271	1	subtrain	3
#F8766D	24	272	1	subtrain	3
#F8766D	24	273	1	subtrain	3
#F8766D	24	274	1	subtrain	3
#F8766D	24	275	1	subtrain	3
#F8766D	24	276	1	subtrain	3
#F8766D	24	277	1	subtrain	3
#F8766D	24	278	1	subtrain	3
#F8766D	24	279	1	subtrain	3
#F8766D	22	280	1	subtrain	3
#F8766D	22	281	1	subtrain	3
#F8766D	22	282	1	subtrain	3
#F8766D	22	283	1	subtrain	3
#F8766D	22	284	1	subtrain	3
#F8766D	22	285	1	subtrain	3
#F8766D	22	286	1	subtrain	3
#F8766D	22	287	1	subtrain	3
#F8766D	22	288	1	subtrain	3
#F8766D	22	289	1	subtrain	3
#F8766D	22	290	1	subtrain	3
#F8766D	22	291	1	subtrain	3
#F8766D	22	292	1	subtrain	3
#F8766D	22	293	1	subtrain	3
#F8766D	22	294	1	subtrain	3
#F8766D	22	295	1	subtrain	3
#F8766D	22	296	1	subtrain	3
#F8766D	22	297	1	subtrain	3
#F8766D	22	298	1	subtrain	3
#F8766D	22	299	1	subtrain	3
#F8766D	22	300	1	subtrain	3
#F8766D	22	301	1	subtrain	3
#F8766D	22	302	1	subtrain	3
#F8766D	22	303	1	subtrain	3
#F8766D	22	304	1	subtrain	3
#F8766D	22	305	1	subtrain	3
#F8766D	22	306	1	subtrain	3
#F8766D	22	307	1	subtrain	3
#F8766D	22	308	1	subtrain	3
#F8766D	22	309	1	subtrain	3
#F8766D	22	310	1	subtrain	3
#F8766D	22	311	1	subtrain	3
#F8766D	22	312	1	subtrain	3
#F8766D	22	313	1	subtrain	3
#F8766D	22	314	1	subtrain	3
#F8766D	22	315	1	subtrain	3
#F8766D	22	316	1	subtrain	3
#F8766D	22	317	1	subtrain	3
#F8766D	22	318	1	subtrain	3
#F8766D	22	319	1	subtrain	3
#F8766D	22	320	1	subtrain	3
#F8766D	22	321	1	subtrain	3
#F8766D	22	322	1	subtrain	3
#F8766D	22	323	1	subtrain	3
#F8766D	22	324	1	subtrain	3
#F8766D	22	325	1	subtrain	3
#F8766D	22	326	1	subtrain	3
#F8766D	22	327	1	subtrain	3
#F8766D	22	328	1	subtrain	3
#F8766D	22	329	1	subtrain	3
#F8766D	22	330	1	subtrain	3
#F8766D	22	331	1	subtrain	3
#F8766D	22	332	1	subtrain	3
#F8766D	22	333	1	subtrain	3
#F8766D	22	334	1	subtrain	3
#F8766D	22	335	1	subtrain	3
#F8766D	22	336	1	subtrain	3
#F8766D	22	337	1	subtrain	3
#F8766D	22	338	1	subtrain	3
#F8766D	22	339	1	subtrain	3
#F8766D	22	340	1	subtrain	3
#F8766D	22	341	1	subtrain	3
#F8766D	22	342	1	subtrain	3
#F8766D	22	343	1	subtrain	3
#F8766D	22	344	1	subtrain	3
#F8766D	22	345	1	subtrain	3
#F8766D	22	346	1	subtrain	3
#F8766D	22	347	1	subtrain	3
#F8766D	20	348	1	subtrain	3
#F8766D	20	349	1	subtrain	3
#F8766D	20	350	1	subtrain	3
#F8766D	20	351	1	subtrain	3
#F8766D	20	352	1	subtrain	3
#F8766D	20	353	1	subtrain	3
#F8766D	20	354	1	subtrain	3
#F8766D	20	355	1	subtrain	3
#F8766D	20	356	1	subtrain	3
#F8766D	20	357	1	subtrain	3
#F8766D	20	358	1	subtrain	3
#F8766D	20	359	1	subtrain	3
#F8766D	20	360	1	subtrain	3
#F8766D	20	361	1	subtrain	3
#F8766D	20	362	1	subtrain	3
#F8766D	20	363	1	subtrain	3
#F8766D	20	364	1	subtrain	3
#F8766D	20	365	1	subtrain	3
#F8766D	20	366	1	subtrain	3
#F8766D	20	367	1	subtrain	3
#F8766D	20	368	1	subtrain	3
#F8766D	20	369	1	subtrain	3
#F8766D	20	370	1	subtrain	3
#F8766D	20	371	1	subtrain	3
#F8766D	20	372	1	subtrain	3
#F8766D	20	373	1	subtrain	3
#F8766D	20	374	1	subtrain	3
#F8766D	20	375	1	subtrain	3
#F8766D	20	376	1	subtrain	3
#F8766D	20	377	1	subtrain	3
#F8766D	20	378	1	subtrain	3
#F8766D	20	379	1	subtrain	3
#F8766D	20	380	1	subtrain	3
#F8766D	20	381	1	subtrain	3
#F8766D	20	382	1	subtrain	3
#F8766D	20	383	1	subtrain	3
#F8766D	20	384	1	subtrain	3
#F8766D	20	385	1	subtrain	3
#F8766D	20	386	1	subtrain	3
#F8766D	20	387	1	subtrain	3
#F8766D	20	388	1	subtrain	3
#F8766D	20	389	1	subtrain	3
#F8766D	20	390	1	subtrain	3
#F8766D	20	391	1	subtrain	3
#F8766D	20	392	1	subtrain	3
#F8766D	20	393	1	subtrain	3
#F8766D	20	394	1	subtrain	3
#F8766D	20	395	1	subtrain	3
#F8766D	20	396	1	subtrain	3
#F8766D	22	397	1	subtrain	3
#F8766D	22	398	1	subtrain	3
#F8766D	22	399	1	subtrain	3
#F8766D	22	400	1	subtrain	3
#F8766D	22	401	1	subtrain	3
#F8766D	22	402	1	subtrain	3
#F8766D	22	403	1	subtrain	3
#F8766D	22	404	1	subtrain	3
#F8766D	22	405	1	subtrain	3
#F8766D	22	406	1	subtrain	3
#F8766D	22	407	1	subtrain	3
#F8766D	22	408	1	subtrain	3
#F8766D	22	409	1	subtrain	3
#F8766D	22	410	1	subtrain	3
#F8766D	22	411	1	subtrain	3
#F8766D	22	412	1	subtrain	3
#F8766D	22	413	1	subtrain	3
#F8766D	22	414	1	subtrain	3
#F8766D	22	415	1	subtrain	3
#F8766D	22	416	1	subtrain	3
#F8766D	22	417	1	subtrain	3
#F8766D	22	418	1	subtrain	3
#F8766D	22	419	1	subtrain	3
#F8766D	22	420	1	subtrain	3
#F8766D	22	421	1	subtrain	3
#F8766D	22	422	1	subtrain	3
#F8766D	22	423	1	subtrain	3
#F8766D	22	424	1	subtrain	3
#F8766D	22	425	1	subtrain	3
#F8766D	22	426	1	subtrain	3
#F8766D	22	427	1	subtrain	3
#F8766D	22	428	1	subtrain	3
#F8766D	22	429	1	subtrain	3
#F8766D	22	430	1	subtrain	3
#F8766D	22	431	1	subtrain	3
#F8766D	22	432	1	subtrain	3
#F8766D	22	433	1	subtrain	3
#F8766D	22	434	1	subtrain	3
#F8766D	22	435	1	subtrain	3
#F8766D	22	436	1	subtrain	3
#F8766D	22	437	1	subtrain	3
#F8766D	22	438	1	subtrain	3
#F8766D	22	439	1	subtrain	3
#F8766D	22	440	1	subtrain	3
#F8766D	22	441	1	subtrain	3
#F8766D	22	442	1	subtrain	3
#F8766D	22	443	1	subtrain	3
#F8766D	22	444	1	subtrain	3
#F8766D	22	445	1	subtrain	3
#F8766D	22	446	1	subtrain	3
#F8766D	22	447	1	subtrain	3
#F8766D	22	448	1	subtrain	3
#F8766D	22	449	1	subtrain	3
#F8766D	22	450	1	subtrain	3
#F8766D	22	451	1	subtrain	3
#F8766D	22	452	1	subtrain	3
#F8766D	22	453	1	subtrain	3
#F8766D	22	454	1	subtrain	3
#F8766D	22	455	1	subtrain	3
#F8766D	22	456	1	subtrain	3
#F8766D	22	457	1	subtrain	3
#F8766D	22	458	1	subtrain	3
#F8766D	22	459	1	subtrain	3
#F8766D	22	460	1	subtrain	3
#F8766D	22	461	1	subtrain	3
#F8766D	22	462	1	subtrain	3
#F8766D	22	463	1	subtrain	3
#F8766D	22	464	1	subtrain	3
#F8766D	22	465	1	subtrain	3
#F8766D	22	466	1	subtrain	3
#F8766D	22	467	1	subtrain	3
#F8766D	22	468	1	subtrain	3
#F8766D	22	469	1	subtrain	3
#F8766D	22	470	1	subtrain	3
#F8766D	22	471	1	subtrain	3
#F8766D	20	472	1	subtrain	3
#F8766D	20	473	1	subtrain	3
#F8766D	20	474	1	subtrain	3
#F8766D	20	475	1	subtrain	3
#F8766D	20	476	1	subtrain	3
#F8766D	22	477	1	subtrain	3
#F8766D	22	478	1	subtrain	3
#F8766D	22	479	1	subtrain	3
#F8766D	22	480	1	subtrain	3
#F8766D	22	481	1	subtrain	3
#F8766D	22	482	1	subtrain	3
#F8766D	22	483	1	subtrain	3
#F8766D	22	484	1	subtrain	3
#F8766D	22	485	1	subtrain	3
#F8766D	22	486	1	subtrain	3
#F8766D	22	487	1	subtrain	3
#F8766D	22	488	1	subtrain	3
#F8766D	22	489	1	subtrain	3
#F8766D	22	490	1	subtrain	3
#F8766D	22	491	1	subtrain	3
#F8766D	22	492	1	subtrain	3
#F8766D	22	493	1	subtrain	3
#F8766D	22	494	1	subtrain	3
#F8766D	22	495	1	subtrain	3
#F8766D	22	496	1	subtrain	3
#F8766D	22	497	1	subtrain	3
#F8766D	22	498	1	subtrain	3
#F8766D	22	499	1	subtrain	3
#F8766D	22	500	1	subtrain	3
#F8766D	22	501	1	subtrain	3
#F8766D	22	502	1	subtrain	3
#F8766D	22	503	1	subtrain	3
#F8766D	22	504	1	subtrain	3
#F8766D	22	505	1	subtrain	3
#F8766D	22	506	1	subtrain	3
#F8766D	22	507	1	subtrain	3
#F8766D	22	508	1	subtrain	3
#F8766D	22	509	1	subtrain	3
#F8766D	22	510	1	subtrain	3
#F8766D	22	511	1	subtrain	3
#F8766D	22	512	1	subtrain	3
#F8766D	22	513	1	subtrain	3
#F8766D	22	514	1	subtrain	3
#F8766D	22	515	1	subtrain	3
#F8766D	22	516	1	subtrain	3
#F8766D	22	517	1	subtrain	3
#F8766D	22	518	1	subtrain	3
#F8766D	22	519	1	subtrain	3
#F8766D	22	520	1	subtrain	3
#F8766D	22	521	1	subtrain	3
#F8766D	22	522	1	subtrain	3
#F8766D	22	523	1	subtrain	3
#F8766D	22	524	1	subtrain	3
#F8766D	22	525	1	subtrain	3
#F8766D	22	526	1	subtrain	3
#F8766D	22	527	1	subtrain	3
#F8766D	22	528	1	subtrain	3
#F8766D	22	529	1	subtrain	3
#F8766D	22	530	1	subtrain	3
#F8766D	22	531	1	subtrain	3
#F8766D	22	532	1	subtrain	3
#F8766D	22	533	1	subtrain	3
#F8766D	22	534	1	subtrain	3
#F8766D	22	535	1	subtrain	3
#F8766D	22	536	1	subtrain	3
#F8766D	22	537	1	subtrain	3
#F8766D	22	538	1	subtrain	3
#F8766D	22	539	1	subtrain	3
#F8766D	22	540	1	subtrain	3
#F8766D	22	541	1	subtrain	3
#F8766D	22	542	1	subtrain	3
#F8766D	22	543	1	subtrain	3
#F8766D	22	544	1	subtrain	3
#F8766D	22	545	1	subtrain	3
#F8766D	22	546	1	subtrain	3
#F8766D	22	547	1	subtrain	3
#F8766D	22	548	1	subtrain	3
#F8766D	22	549	1	subtrain	3
#F8766D	22	550	1	subtrain	3
#F8766D	22	551	1	subtrain	3
#F8766D	22	552	1	subtrain	3
#F8766D	22	553	1	subtrain	3
#F8766D	22	554	1	subtrain	3
#F8766D	22	555	1	subtrain	3
#F8766D	22	556	1	subtrain	3
#F8766D	22	557	1	subtrain	3
#F8766D	22	558	1	subtrain	3
#F8766D	22	559	1	subtrain	3
#F8766D	22	560	1	subtrain	3
#F8766D	22	561	1	subtrain	3
#F8766D	22	562	1	subtrain	3
#F8766D	22	563	1	subtrain	3
#F8766D	22	564	1	subtrain	3
#F8766D	22	565	1	subtrain	3
#F8766D	22	566	1	subtrain	3
#F8766D	22	567	1	subtrain	3
#F8766D	22	568	1	subtrain	3
#F8766D	22	569	1	subtrain	3
#F8766D	22	570	1	subtrain	3
#F8766D	22	571	1	subtrain	3
#F8766D	22	572	1	subtrain	3
#F8766D	22	573	1	subtrain	3
#F8766D	22	574	1	subtrain	3
#F8766D	22	575	1	subtrain	3
#F8766D	22	576	1	subtrain	3
#F8766D	22	577	1	subtrain	3
#F8766D	22	578	1	subtrain	3
#F8766D	22	579	1	subtrain	3
#F8766D	22	580	1	subtrain	3
#F8766D	22	581	1	subtrain	3
#F8766D	22	582	1	subtrain	3
#F8766D	22	583	1	subtrain	3
#F8766D	22	584	1	subtrain	3
#F8766D	22	585	1	subtrain	3
#F8766D	22	586	1	subtrain	3
#F8766D	22	587	1	subtrain	3
#F8766D	22	588	1	subtrain	3
#F8766D	22	589	1	subtrain	3
#F8766D	22	590	1	subtrain	3
#F8766D	22	591	1	subtrain	3
#F8766D	22	592	1	subtrain	3
#F8766D	22	593	1	subtrain	3
#F8766D	22	594	1	subtrain	3
#F8766D	22	595	1	subtrain	3
#F8766D	22	596	1	subtrain	3
#F8766D	22	597	1	subtrain	3
#F8766D	22	598	1	subtrain	3
#F8766D	22	599	1	subtrain	3
#F8766D	22	600	1	subtrain	3
#F8766D	22	601	1	subtrain	3
#F8766D	22	602	1	subtrain	3
#F8766D	22	603	1	subtrain	3
#F8766D	22	604	1	subtrain	3
#F8766D	22	605	1	subtrain	3
#F8766D	22	606	1	subtrain	3
#F8766D	22	607	1	subtrain	3
#F8766D	22	608	1	subtrain	3
#F8766D	22	609	1	subtrain	3
#F8766D	22	610	1	subtrain	3
#F8766D	22	611	1	subtrain	3
#F8766D	22	612	1	subtrain	3
#F8766D	22	613	1	subtrain	3
#F8766D	22	614	1	subtrain	3
#F8766D	22	615	1	subtrain	3
#F8766D	22	616	1	subtrain	3
#F8766D	22	617	1	subtrain	3
#F8766D	22	618	1	subtrain	3
#F8766D	22	619	1	subtrain	3
#F8766D	22	620	1	subtrain	3
#F8766D	22	621	1	subtrain	3
#F8766D	22	622	1	subtrain	3
#F8766D	22	623	1	subtrain	3
#F8766D	22	624	1	subtrain	3
#F8766D	22	625	1	subtrain	3
#F8766D	22	626	1	subtrain	3
#F8766D	22	627	1	subtrain	3
#F8766D	22	628	1	subtrain	3
#F8766D	22	629	1	subtrain	3
#F8766D	22	630	1	subtrain	3
#F8766D	22	631	1	subtrain	3
#F8766D	22	632	1	subtrain	3
#F8766D	22	633	1	subtrain	3
#F8766D	22	634	1	subtrain	3
#F8766D	22	635	1	subtrain	3
#F8766D	22	636	1	subtrain	3
#F8766D	22	637	1	subtrain	3
#F8766D	22	638	1	subtrain	3
#F8766D	22	639	1	subtrain	3
#F8766D	22	640	1	subtrain	3
#F8766D	22	641	1	subtrain	3
#F8766D	22	642	1	subtrain	3
#F8766D	22	643	1	subtrain	3
#F8766D	22	644	1	subtrain	3
#F8766D	22	645	1	subtrain	3
#F8766D	22	646	1	subtrain	3
#F8766D	22	647	1	subtrain	3
#F8766D	22	648	1	subtrain	3
#F8766D	22	649	1	subtrain	3
#F8766D	22	650	1	subtrain	3
#F8766D	22	651	1	subtrain	3
#F8766D	22	652	1	subtrain	3
#F8766D	22	653	1	subtrain	3
#F8766D	22	654	1	subtrain	3
#F8766D	22	655	1	subtrain	3
#F8766D	22	656	1	subtrain	3
#F8766D	22	657	1	subtrain	3
#F8766D	22	658	1	subtrain	3
#F8766D	22	659	1	subtrain	3
#F8766D	22	660	1	subtrain	3
#F8766D	22	661	1	subtrain	3
#F8766D	22	662	1	subtrain	3
#F8766D	22	663	1	subtrain	3
#F8766D	22	664	1	subtrain	3
#F8766D	22	665	1	subtrain	3
#F8766D	22	666	1	subtrain	3
#F8766D	22	667	1	subtrain	3
#F8766D	22	668	1	subtrain	3
#F8766D	22	669	1	subtrain	3
#F8766D	22	670	1	subtrain	3
#F8766D	22	671	1	subtrain	3
#F8766D	22	672	1	subtrain	3
#F8766D	22	673	1	subtrain	3
#F8766D	22	674	1	subtrain	3
#F8766D	22	675	1	subtrain	3
#F8766D	22	676	1	subtrain	3
#F8766D	22	677	1	subtrain	3
#F8766D	22	678	1	subtrain	3
#F8766D	22	679	1	subtrain	3
#F8766D	22	680	1	subtrain	3
#F8766D	22	681	1	subtrain	3
#F8766D	22	682	1	subtrain	3
#F8766D	22	683	1	subtrain	3
#F8766D	22	684	1	subtrain	3
#F8766D	22	685	1	subtrain	3
#F8766D	22	686	1	subtrain	3
#F8766D	22	687	1	subtrain	3
#F8766D	22	688	1	subtrain	3
#F8766D	22	689	1	subtrain	3
#F8766D	22	690	1	subtrain	3
#F8766D	22	691	1	subtrain	3
#F8766D	22	692	1	subtrain	3
#F8766D	22	693	1	subtrain	3
#F8766D	22	694	1	subtrain	3
#F8766D	22	695	1	subtrain	3
#F8766D	22	696	1	subtrain	3
#F8766D	22	697	1	subtrain	3
#F8766D	22	698	1	subtrain	3
#F8766D	22	699	1	subtrain	3
#F8766D	22	700	1	subtrain	3
#F8766D	22	701	1	subtrain	3
#F8766D	22	702	1	subtrain	3
#F8766D	22	703	1	subtrain	3
#F8766D	22	704	1	subtrain	3
#F8766D	22	705	1	subtrain	3
#F8766D	22	706	1	subtrain	3
#F8766D	22	707	1	subtrain	3
#F8766D	22	708	1	subtrain	3
#F8766D	22	709	1	subtrain	3
#F8766D	22	710	1	subtrain	3
#F8766D	22	711	1	subtrain	3
#F8766D	22	712	1	subtrain	3
#F8766D	22	713	1	subtrain	3
#F8766D	22	714	1	subtrain	3
#F8766D	22	715	1	subtrain	3
#F8766D	22	716	1	subtrain	3
#F8766D	22	717	1	subtrain	3
#F8766D	22	718	1	subtrain	3
#F8766D	22	719	1	subtrain	3
#F8766D	22	720	1	subtrain	3
#F8766D	22	721	1	subtrain	3
#F8766D	22	722	1	subtrain	3
#F8766D	22	723	1	subtrain	3
#F8766D	22	724	1	subtrain	3
#F8766D	22	725	1	subtrain	3
#F8766D	22	726	1	subtrain	3
#F8766D	22	727	1	subtrain	3
#F8766D	22	728	1	subtrain	3
#F8766D	22	729	1	subtrain	3
#F8766D	22	730	1	subtrain	3
#F8766D	22	731	1	subtrain	3
#F8766D	22	732	1	subtrain	3
#F8766D	22	733	1	subtrain	3
#F8766D	22	734	1	subtrain	3
#F8766D	22	735	1	subtrain	3
#F8766D	22	736	1	subtrain	3
#F8766D	22	737	1	subtrain	3
#F8766D	22	738	1	subtrain	3
#F8766D	22	739	1	subtrain	3
#F8766D	22	740	1	subtrain	3
#F8766D	22	741	1	subtrain	3
#F8766D	22	742	1	subtrain	3
#F8766D	22	743	1	subtrain	3
#F8766D	22	744	1	subtrain	3
#F8766D	22	745	1	subtrain	3
#F8766D	22	746	1	subtrain	3
#F8766D	22	747	1	subtrain	3
#F8766D	22	748	1	subtrain	3
#F8766D	22	749	1	subtrain	3
#F8766D	22	750	1	subtrain	3
#F8766D	22	751	1	subtrain	3
#F8766D	22	752	1	subtrain	3
#F8766D	22	753	1	subtrain	3
#F8766D	22	754	1	subtrain	3
#F8766D	22	755	1	subtrain	3
#F8766D	22	756	1	subtrain	3
#F8766D	22	757	1	subtrain	3
#F8766D	22	758	1	subtrain	3
#F8766D	22	759	1	subtrain	3
#F8766D	22	760	1	subtrain	3
#F8766D	22	761	1	subtrain	3
#F8766D	22	762	1	subtrain	3
#F8766D	22	763	1	subtrain	3
#F8766D	22	764	1	subtrain	3
#F8766D	22	765	1	subtrain	3
#F8766D	22	766	1	subtrain	3
#F8766D	22	767	1	subtrain	3
#F8766D	22	768	1	subtrain	3
#F8766D	22	769	1	subtrain	3
#F8766D	22	770	1	subtrain	3
#F8766D	22	771	1	subtrain	3
#F8766D	22	772	1	subtrain	3
#F8766D	22	773	1	subtrain	3
#F8766D	22	774	1	subtrain	3
#F8766D	22	775	1	subtrain	3
#F8766D	22	776	1	subtrain	3
#F8766D	22	777	1	subtrain	3
#F8766D	22	778	1	subtrain	3
#F8766D	22	779	1	subtrain	3
#F8766D	22	780	1	subtrain	3
#F8766D	22	781	1	subtrain	3
#F8766D	22	782	1	subtrain	3
#F8766D	22	783	1	subtrain	3
#F8766D	22	784	1	subtrain	3
#F8766D	22	785	1	subtrain	3
#F8766D	22	786	1	subtrain	3
#F8766D	22	787	1	subtrain	3
#F8766D	22	788	1	subtrain	3
#F8766D	22	789	1	subtrain	3
#F8766D	22	790	1	subtrain	3
#F8766D	22	791	1	subtrain	3
#F8766D	22	792	1	subtrain	3
#F8766D	22	793	1	subtrain	3
#F8766D	22	794	1	subtrain	3
#F8766D	22	795	1	subtrain	3
#F8766D	22	796	1	subtrain	3
#F8766D	22	797	1	subtrain	3
#F8766D	22	798	1	subtrain	3
#F8766D	22	799	1	subtrain	3
#F8766D	22	800	1	subtrain	3
#F8766D	22	801	1	subtrain	3
#F8766D	22	802	1	subtrain	3
#F8766D	22	803	1	subtrain	3
#F8766D	22	804	1	subtrain	3
#F8766D	22	805	1	subtrain	3
#F8766D	22	806	1	subtrain	3
#F8766D	22	807	1	subtrain	3
#F8766D	22	808	1	subtrain	3
#F8766D	22	809	1	subtrain	3
#F8766D	22	810	1	subtrain	3
#F8766D	22	811	1	subtrain	3
#F8766D	22	812	1	subtrain	3
#F8766D	22	813	1	subtrain	3
#F8766D	22	814	1	subtrain	3
#F8766D	22	815	1	subtrain	3
#F8766D	22	816	1	subtrain	3
#F8766D	22	817	1	subtrain	3
#F8766D	22	818	1	subtrain	3
#F8766D	22	819	1	subtrain	3
#F8766D	22	820	1	subtrain	3
#F8766D	22	821	1	subtrain	3
#F8766D	22	822	1	subtrain	3
#F8766D	22	823	1	subtrain	3
#F8766D	22	824	1	subtrain	3
#F8766D	22	825	1	subtrain	3
#F8766D	22	826	1	subtrain	3
#F8766D	22	827	1	subtrain	3
#F8766D	22	828	1	subtrain	3
#F8766D	22	829	1	subtrain	3
#F8766D	22	830	1	subtrain	3
#F8766D	22	831	1	subtrain	3
#F8766D	22	832	1	subtrain	3
#F8766D	22	833	1	subtrain	3
#F8766D	22	834	1	subtrain	3
#F8766D	22	835	1	subtrain	3
#F8766D	22	836	1	subtrain	3
#F8766D	22	837	1	subtrain	3
#F8766D	22	838	1	subtrain	3
#F8766D	22	839	1	subtrain	3
#F8766D	22	840	1	subtrain	3
#F8766D	22	841	1	subtrain	3
#F8766D	22	842	1	subtrain	3
#F8766D	22	843	1	subtrain	3
#F8766D	22	844	1	subtrain	3
#F8766D	22	845	1	subtrain	3
#F8766D	22	846	1	subtrain	3
#F8766D	22	847	1	subtrain	3
#F8766D	22	848	1	subtrain	3
#F8766D	22	849	1	subtrain	3
#F8766D	22	850	1	subtrain	3
#F8766D	22	851	1	subtrain	3
#F8766D	22	852	1	subtrain	3
#F8766D	22	853	1	subtrain	3
#F8766D	22	854	1	subtrain	3
#F8766D	22	855	1	subtrain	3
#F8766D	22	856	1	subtrain	3
#F8766D	22	857	1	subtrain	3
#F8766D	22	858	1	subtrain	3
#F8766D	22	859	1	subtrain	3
#F8766D	22	860	1	subtrain	3
#F8766D	22	861	1	subtrain	3
#F8766D	22	862	1	subtrain	3
#F8766D	22	863	1	subtrain	3
#F8766D	22	864	1	subtrain	3
#F8766D	22	865	1	subtrain	3
#F8766D	22	866	1	subtrain	3
#F8766D	22	867	1	subtrain	3
#F8766D	22	868	1	subtrain	3
#F8766D	22	869	1	subtrain	3
#F8766D	22	870	1	subtrain	3
#F8766D	22	871	1	subtrain	3
#F8766D	22	872	1	subtrain	3
#F8766D	22	873	1	subtrain	3
#F8766D	22	874	1	subtrain	3
#F8766D	22	875	1	subtrain	3
#F8766D	22	876	1	subtrain	3
#F8766D	22	877	1	subtrain	3
#F8766D	22	878	1	subtrain	3
#F8766D	22	879	1	subtrain	3
#F8766D	22	880	1	subtrain	3
#F8766D	22	881	1	subtrain	3
#F8766D	22	882	1	subtrain	3
#F8766D	22	883	1	subtrain	3
#F8766D	22	884	1	subtrain	3
#F8766D	22	885	1	subtrain	3
#F8766D	22	886	1	subtrain	3
#F8766D	22	887	1	subtrain	3
#F8766D	22	888	1	subtrain	3
#F8766D	22	889	1	subtrain	3
#F8766D	22	890	1	subtrain	3
#F8766D	22	891	1	subtrain	3
#F8766D	22	892	1	subtrain	3
#F8766D	22	893	1	subtrain	3
#F8766D	22	894	1	subtrain	3
#F8766D	22	895	1	subtrain	3
#F8766D	22	896	1	subtrain	3
#F8766D	22	897	1	subtrain	3
#F8766D	22	898	1	subtrain	3
#F8766D	22	899	1	subtrain	3
#F8766D	22	900	1	subtrain	3
#F8766D	22	901	1	subtrain	3
#F8766D	22	902	1	subtrain	3
#F8766D	22	903	1	subtrain	3
#F8766D	22	904	1	subtrain	3
#F8766D	22	905	1	subtrain	3
#F8766D	22	906	1	subtrain	3
#F8766D	22	907	1	subtrain	3
#F8766D	22	908	1	subtrain	3
#F8766D	22	909	1	subtrain	3
#F8766D	22	910	1	subtrain	3
#F8766D	22	911	1	subtrain	3
#F8766D	22	912	1	subtrain	3
#F8766D	22	913	1	subtrain	3
#F8766D	22	914	1	subtrain	3
#F8766D	22	915	1	subtrain	3
#F8766D	22	916	1	subtrain	3
#F8766D	22	917	1	subtrain	3
#F8766D	22	918	1	subtrain	3
#F8766D	22	919	1	subtrain	3
#F8766D	22	920	1	subtrain	3
#F8766D	22	921	1	subtrain	3
#F8766D	22	922	1	subtrain	3
#F8766D	22	923	1	subtrain	3
#F8766D	22	924	1	subtrain	3
#F8766D	22	925	1	subtrain	3
#F8766D	22	926	1	subtrain	3
#F8766D	22	927	1	subtrain	3
#F8766D	22	928	1	subtrain	3
#F8766D	22	929	1	subtrain	3
#F8766D	22	930	1	subtrain	3
#F8766D	22	931	1	subtrain	3
#F8766D	22	932	1	subtrain	3
#F8766D	22	933	1	subtrain	3
#F8766D	22	934	1	subtrain	3
#F8766D	22	935	1	subtrain	3
#F8766D	22	936	1	subtrain	3
#F8766D	22	937	1	subtrain	3
#F8766D	22	938	1	subtrain	3
#F8766D	22	939	1	subtrain	3
#F8766D	22	940	1	subtrain	3
#F8766D	22	941	1	subtrain	3
#F8766D	22	942	1	subtrain	3
#F8766D	22	943	1	subtrain	3
#F8766D	22	944	1	subtrain	3
#F8766D	22	945	1	subtrain	3
#F8766D	22	946	1	subtrain	3
#F8766D	22	947	1	subtrain	3
#F8766D	22	948	1	subtrain	3
#F8766D	22	949	1	subtrain	3
#F8766D	22	950	1	subtrain	3
#F8766D	22	951	1	subtrain	3
#F8766D	22	952	1	subtrain	3
#F8766D	22	953	1	subtrain	3
#F8766D	22	954	1	subtrain	3
#F8766D	22	955	1	subtrain	3
#F8766D	22	956	1	subtrain	3
#F8766D	22	957	1	subtrain	3
#F8766D	22	958	1	subtrain	3
#F8766D	22	959	1	subtrain	3
#F8766D	22	960	1	subtrain	3
#F8766D	22	961	1	subtrain	3
#F8766D	22	962	1	subtrain	3
#F8766D	22	963	1	subtrain	3
#F8766D	22	964	1	subtrain	3
#F8766D	22	965	1	subtrain	3
#F8766D	22	966	1	subtrain	3
#F8766D	22	967	1	subtrain	3
#F8766D	22	968	1	subtrain	3
#F8766D	22	969	1	subtrain	3
#F8766D	22	970	1	subtrain	3
#F8766D	22	971	1	subtrain	3
#F8766D	22	972	1	subtrain	3
#F8766D	22	973	1	subtrain	3
#F8766D	22	974	1	subtrain	3
#F8766D	22	975	1	subtrain	3
#F8766D	22	976	1	subtrain	3
#F8766D	22	977	1	subtrain	3
#F8766D	22	978	1	subtrain	3
#F8766D	22	979	1	subtrain	3
#F8766D	22	980	1	subtrain	3
#F8766D	22	981	1	subtrain	3
#F8766D	22	982	1	subtrain	3
#F8766D	22	983	1	subtrain	3
#F8766D	22	984	1	subtrain	3
#F8766D	22	985	1	subtrain	3
#F8766D	22	986	1	subtrain	3
#F8766D	22	987	1	subtrain	3
#F8766D	22	988	1	subtrain	3
#F8766D	22	989	1	subtrain	3
#F8766D	22	990	1	subtrain	3
#F8766D	22	991	1	subtrain	3
#F8766D	22	992	1	subtrain	3
#F8766D	22	993	1	subtrain	3
#F8766D	22	994	1	subtrain	3
#F8766D	22	995	1	subtrain	3
#F8766D	22	996	1	subtrain	3
#F8766D	22	997	1	subtrain	3
#F8766D	22	998	1	subtrain	3
#F8766D	22	999	1	subtrain	3
#F8766D	22	1000	1	subtrain	3
#00BFC4	72	1	2	validation	3
#00BFC4	66	2	2	validation	3
#00BFC4	56	3	2	validation	3
#00BFC4	38	4	2	validation	3
#00BFC4	26	5	2	validation	3
#00BFC4	22	6	2	validation	3
#00BFC4	14	7	2	validation	3
#00BFC4	8	8	2	validation	3
#00BFC4	12	9	2	validation	3
#00BFC4	16	10	2	validation	3
#00BFC4	18	11	2	validation	3
#00BFC4	20	12	2	validation	3
#00BFC4	20	13	2	validation	3
#00BFC4	22	14	2	validation	3
#00BFC4	22	15	2	validation	3
#00BFC4	22	16	2	validation	3
#00BFC4	24	17	2	validation	3
#00BFC4	24	18	2	validation	3
#00BFC4	24	19	2	validation	3
#00BFC4	24	20	2	validation	3
#00BFC4	22	21	2	validation	3
#00BFC4	22	22	2	validation	3
#00BFC4	22	23	2	validation	3
#00BFC4	22	24	2	validation	3
#00BFC4	22	25	2	validation	3
#00BFC4	22	26	2	validation	3
#00BFC4	22	27	2	validation	3
#00BFC4	22	28	2	validation	3
#00BFC4	22	29	2	validation	3
#00BFC4	22	30	2	validation	3
#00BFC4	22	31	2	validation	3
#00BFC4	22	32	2	validation	3
#00BFC4	22	33	2	validation	3
#00BFC4	20	34	2	validation	3
#00BFC4	20	35	2	validation	3
#00BFC4	20	36	2	validation	3
#00BFC4	20	37	2	validation	3
#00BFC4	20	38	2	validation	3
#00BFC4	18	39	2	validation	3
#00BFC4	18	40	2	validation	3
#00BFC4	18	41	2	validation	3
#00BFC4	18	42	2	validation	3
#00BFC4	18	43	2	validation	3
#00BFC4	18	44	2	validation	3
#00BFC4	16	45	2	validation	3
#00BFC4	16	46	2	validation	3
#00BFC4	16	47	2	validation	3
#00BFC4	16	48	2	validation	3
#00BFC4	16	49	2	validation	3
#00BFC4	16	50	2	validation	3
#00BFC4	16	51	2	validation	3
#00BFC4	14	52	2	validation	3
#00BFC4	14	53	2	validation	3
#00BFC4	14	54	2	validation	3
#00BFC4	14	55	2	validation	3
#00BFC4	14	56	2	validation	3
#00BFC4	14	57	2	validation	3
#00BFC4	14	58	2	validation	3
#00BFC4	14	59	2	validation	3
#00BFC4	14	60	2	validation	3
#00BFC4	14	61	2	validation	3
#00BFC4	14	62	2	validation	3
#00BFC4	14	63	2	validation	3
#00BFC4	14	64	2	validation	3
#00BFC4	14	65	2	validation	3
#00BFC4	14	66	2	validation	3
#00BFC4	14	67	2	validation	3
#00BFC4	14	68	2	validation	3
#00BFC4	14	69	2	validation	3
#00BFC4	14	70	2	validation	3
#00BFC4	14	71	2	validation	3
#00BFC4	14	72	2	validation	3
#00BFC4	14	73	2	validation	3
#00BFC4	14	74	2	validation	3
#00BFC4	14	75	2	validation	3
#00BFC4	14	76	2	validation	3
#00BFC4	16	77	2	validation	3
#00BFC4	16	78	2	validation	3
#00BFC4	16	79	2	validation	3
#00BFC4	16	80	2	validation	3
#00BFC4	18	81	2	validation	3
#00BFC4	18	82	2	validation	3
#00BFC4	18	83	2	validation	3
#00BFC4	18	84	2	validation	3
#00BFC4	16	85	2	validation	3
#00BFC4	16	86	2	validation	3
#00BFC4	16	87	2	validation	3
#00BFC4	16	88	2	validation	3
#00BFC4	16	89	2	validation	3
#00BFC4	16	90	2	validation	3
#00BFC4	16	91	2	validation	3
#00BFC4	16	92	2	validation	3
#00BFC4	16	93	2	validation	3
#00BFC4	16	94	2	validation	3
#00BFC4	16	95	2	validation	3
#00BFC4	16	96	2	validation	3
#00BFC4	16	97	2	validation	3
#00BFC4	16	98	2	validation	3
#00BFC4	18	99	2	validation	3
#00BFC4	18	100	2	validation	3
#00BFC4	18	101	2	validation	3
#00BFC4	18	102	2	validation	3
#00BFC4	18	103	2	validation	3
#00BFC4	18	104	2	validation	3
#00BFC4	18	105	2	validation	3
#00BFC4	18	106	2	validation	3
#00BFC4	18	107	2	validation	3
#00BFC4	18	108	2	validation	3
#00BFC4	18	109	2	validation	3
#00BFC4	18	110	2	validation	3
#00BFC4	18	111	2	validation	3
#00BFC4	18	112	2	validation	3
#00BFC4	18	113	2	validation	3
#00BFC4	18	114	2	validation	3
#00BFC4	18	115	2	validation	3
#00BFC4	18	116	2	validation	3
#00BFC4	18	117	2	validation	3
#00BFC4	18	118	2	validation	3
#00BFC4	18	119	2	validation	3
#00BFC4	18	120	2	validation	3
#00BFC4	18	121	2	validation	3
#00BFC4	18	122	2	validation	3
#00BFC4	18	123	2	validation	3
#00BFC4	18	124	2	validation	3
#00BFC4	16	125	2	validation	3
#00BFC4	16	126	2	validation	3
#00BFC4	16	127	2	validation	3
#00BFC4	16	128	2	validation	3
#00BFC4	16	129	2	validation	3
#00BFC4	16	130	2	validation	3
#00BFC4	16	131	2	validation	3
#00BFC4	16	132	2	validation	3
#00BFC4	16	133	2	validation	3
#00BFC4	16	134	2	validation	3
#00BFC4	16	135	2	validation	3
#00BFC4	16	136	2	validation	3
#00BFC4	16	137	2	validation	3
#00BFC4	16	138	2	validation	3
#00BFC4	16	139	2	validation	3
#00BFC4	16	140	2	validation	3
#00BFC4	16	141	2	validation	3
#00BFC4	16	142	2	validation	3
#00BFC4	16	143	2	validation	3
#00BFC4	16	144	2	validation	3
#00BFC4	16	145	2	validation	3
#00BFC4	16	146	2	validation	3
#00BFC4	16	147	2	validation	3
#00BFC4	16	148	2	validation	3
#00BFC4	16	149	2	validation	3
#00BFC4	16	150	2	validation	3
#00BFC4	16	151	2	validation	3
#00BFC4	16	152	2	validation	3
#00BFC4	16	153	2	validation	3
#00BFC4	16	154	2	validation	3
#00BFC4	16	155	2	validation	3
#00BFC4	16	156	2	validation	3
#00BFC4	16	157	2	validation	3
#00BFC4	16	158	2	validation	3
#00BFC4	16	159	2	validation	3
#00BFC4	16	160	2	validation	3
#00BFC4	16	161	2	validation	3
#00BFC4	16	162	2	validation	3
#00BFC4	16	163	2	validation	3
#00BFC4	16	164	2	validation	3
#00BFC4	16	165	2	validation	3
#00BFC4	16	166	2	validation	3
#00BFC4	16	167	2	validation	3
#00BFC4	16	168	2	validation	3
#00BFC4	16	169	2	validation	3
#00BFC4	16	170	2	validation	3
#00BFC4	16	171	2	validation	3
#00BFC4	16	172	2	validation	3
#00BFC4	16	173	2	validation	3
#00BFC4	16	174	2	validation	3
#00BFC4	16	175	2	validation	3
#00BFC4	16	176	2	validation	3
#00BFC4	16	177	2	validation	3
#00BFC4	16	178	2	validation	3
#00BFC4	16	179	2	validation	3
#00BFC4	16	180	2	validation	3
#00BFC4	16	181	2	validation	3
#00BFC4	16	182	2	validation	3
#00BFC4	16	183	2	validation	3
#00BFC4	16	184	2	validation	3
#00BFC4	16	185	2	validation	3
#00BFC4	16	186	2	validation	3
#00BFC4	16	187	2	validation	3
#00BFC4	16	188	2	validation	3
#00BFC4	16	189	2	validation	3
#00BFC4	16	190	2	validation	3
#00BFC4	16	191	2	validation	3
#00BFC4	16	192	2	validation	3
#00BFC4	16	193	2	validation	3
#00BFC4	16	194	2	validation	3
#00BFC4	16	195	2	validation	3
#00BFC4	16	196	2	validation	3
#00BFC4	16	197	2	validation	3
#00BFC4	16	198	2	validation	3
#00BFC4	16	199	2	validation	3
#00BFC4	16	200	2	validation	3
#00BFC4	16	201	2	validation	3
#00BFC4	16	202	2	validation	3
#00BFC4	16	203	2	validation	3
#00BFC4	16	204	2	validation	3
#00BFC4	16	205	2	validation	3
#00BFC4	16	206	2	validation	3
#00BFC4	16	207	2	validation	3
#00BFC4	16	208	2	validation	3
#00BFC4	16	209	2	validation	3
#00BFC4	16	210	2	validation	3
#00BFC4	16	211	2	validation	3
#00BFC4	16	212	2	validation	3
#00BFC4	16	213	2	validation	3
#00BFC4	16	214	2	validation	3
#00BFC4	16	215	2	validation	3
#00BFC4	16	216	2	validation	3
#00BFC4	16	217	2	validation	3
#00BFC4	16	218	2	validation	3
#00BFC4	16	219	2	validation	3
#00BFC4	16	220	2	validation	3
#00BFC4	16	221	2	validation	3
#00BFC4	16	222	2	validation	3
#00BFC4	16	223	2	validation	3
#00BFC4	16	224	2	validation	3
#00BFC4	16	225	2	validation	3
#00BFC4	16	226	2	validation	3
#00BFC4	16	227	2	validation	3
#00BFC4	16	228	2	validation	3
#00BFC4	16	229	2	validation	3
#00BFC4	16	230	2	validation	3
#00BFC4	16	231	2	validation	3
#00BFC4	16	232	2	validation	3
#00BFC4	16	233	2	validation	3
#00BFC4	16	234	2	validation	3
#00BFC4	16	235	2	validation	3
#00BFC4	16	236	2	validation	3
#00BFC4	16	237	2	validation	3
#00BFC4	16	238	2	validation	3
#00BFC4	16	239	2	validation	3
#00BFC4	16	240	2	validation	3
#00BFC4	16	241	2	validation	3
#00BFC4	16	242	2	validation	3
#00BFC4	16	243	2	validation	3
#00BFC4	16	244	2	validation	3
#00BFC4	16	245	2	validation	3
#00BFC4	16	246	2	validation	3
#00BFC4	16	247	2	validation	3
#00BFC4	16	248	2	validation	3
#00BFC4	16	249	2	validation	3
#00BFC4	16	250	2	validation	3
#00BFC4	16	251	2	validation	3
#00BFC4	16	252	2	validation	3
#00BFC4	16	253	2	validation	3
#00BFC4	16	254	2	validation	3
#00BFC4	16	255	2	validation	3
#00BFC4	16	256	2	validation	3
#00BFC4	16	257	2	validation	3
#00BFC4	16	258	2	validation	3
#00BFC4	16	259	2	validation	3
#00BFC4	16	260	2	validation	3
#00BFC4	16	261	2	validation	3
#00BFC4	16	262	2	validation	3
#00BFC4	16	263	2	validation	3
#00BFC4	16	264	2	validation	3
#00BFC4	16	265	2	validation	3
#00BFC4	16	266	2	validation	3
#00BFC4	16	267	2	validation	3
#00BFC4	16	268	2	validation	3
#00BFC4	16	269	2	validation	3
#00BFC4	16	270	2	validation	3
#00BFC4	16	271	2	validation	3
#00BFC4	16	272	2	validation	3
#00BFC4	16	273	2	validation	3
#00BFC4	16	274	2	validation	3
#00BFC4	16	275	2	validation	3
#00BFC4	16	276	2	validation	3
#00BFC4	16	277	2	validation	3
#00BFC4	16	278	2	validation	3
#00BFC4	16	279	2	validation	3
#00BFC4	16	280	2	validation	3
#00BFC4	16	281	2	validation	3
#00BFC4	16	282	2	validation	3
#00BFC4	16	283	2	validation	3
#00BFC4	16	284	2	validation	3
#00BFC4	16	285	2	validation	3
#00BFC4	16	286	2	validation	3
#00BFC4	16	287	2	validation	3
#00BFC4	16	288	2	validation	3
#00BFC4	16	289	2	validation	3
#00BFC4	16	290	2	validation	3
#00BFC4	16	291	2	validation	3
#00BFC4	16	292	2	validation	3
#00BFC4	16	293	2	validation	3
#00BFC4	16	294	2	validation	3
#00BFC4	16	295	2	validation	3
#00BFC4	16	296	2	validation	3
#00BFC4	16	297	2	validation	3
#00BFC4	16	298	2	validation	3
#00BFC4	16	299	2	validation	3
#00BFC4	16	300	2	validation	3
#00BFC4	16	301	2	validation	3
#00BFC4	16	302	2	validation	3
#00BFC4	16	303	2	validation	3
#00BFC4	16	304	2	validation	3
#00BFC4	16	305	2	validation	3
#00BFC4	16	306	2	validation	3
#00BFC4	16	307	2	validation	3
#00BFC4	16	308	2	validation	3
#00BFC4	16	309	2	validation	3
#00BFC4	16	310	2	validation	3
#00BFC4	16	311	2	validation	3
#00BFC4	16	312	2	validation	3
#00BFC4	16	313	2	validation	3
#00BFC4	16	314	2	validation	3
#00BFC4	16	315	2	validation	3
#00BFC4	16	316	2	validation	3
#00BFC4	16	317	2	validation	3
#00BFC4	16	318	2	validation	3
#00BFC4	16	319	2	validation	3
#00BFC4	16	320	2	validation	3
#00BFC4	16	321	2	validation	3
#00BFC4	16	322	2	validation	3
#00BFC4	16	323	2	validation	3
#00BFC4	16	324	2	validation	3
#00BFC4	16	325	2	validation	3
#00BFC4	16	326	2	validation	3
#00BFC4	16	327	2	validation	3
#00BFC4	16	328	2	validation	3
#00BFC4	16	329	2	validation	3
#00BFC4	16	330	2	validation	3
#00BFC4	14	331	2	validation	3
#00BFC4	14	332	2	validation	3
#00BFC4	14	333	2	validation	3
#00BFC4	14	334	2	validation	3
#00BFC4	14	335	2	validation	3
#00BFC4	14	336	2	validation	3
#00BFC4	14	337	2	validation	3
#00BFC4	14	338	2	validation	3
#00BFC4	14	339	2	validation	3
#00BFC4	14	340	2	validation	3
#00BFC4	14	341	2	validation	3
#00BFC4	14	342	2	validation	3
#00BFC4	14	343	2	validation	3
#00BFC4	14	344	2	validation	3
#00BFC4	14	345	2	validation	3
#00BFC4	14	346	2	validation	3
#00BFC4	14	347	2	validation	3
#00BFC4	14	348	2	validation	3
#00BFC4	14	349	2	validation	3
#00BFC4	14	350	2	validation	3
#00BFC4	14	351	2	validation	3
#00BFC4	14	352	2	validation	3
#00BFC4	14	353	2	validation	3
#00BFC4	14	354	2	validation	3
#00BFC4	14	355	2	validation	3
#00BFC4	14	356	2	validation	3
#00BFC4	14	357	2	validation	3
#00BFC4	14	358	2	validation	3
#00BFC4	14	359	2	validation	3
#00BFC4	14	360	2	validation	3
#00BFC4	14	361	2	validation	3
#00BFC4	14	362	2	validation	3
#00BFC4	14	363	2	validation	3
#00BFC4	14	364	2	validation	3
#00BFC4	14	365	2	validation	3
#00BFC4	14	366	2	validation	3
#00BFC4	14	367	2	validation	3
#00BFC4	14	368	2	validation	3
#00BFC4	14	369	2	validation	3
#00BFC4	14	370	2	validation	3
#00BFC4	14	371	2	validation	3
#00BFC4	14	372	2	validation	3
#00BFC4	14	373	2	validation	3
#00BFC4	14	374	2	validation	3
#00BFC4	14	375	2	validation	3
#00BFC4	14	376	2	validation	3
#00BFC4	14	377	2	validation	3
#00BFC4	14	378	2	validation	3
#00BFC4	14	379	2	validation	3
#00BFC4	14	380	2	validation	3
#00BFC4	14	381	2	validation	3
#00BFC4	14	382	2	validation	3
#00BFC4	14	383	2	validation	3
#00BFC4	14	384	2	validation	3
#00BFC4	14	385	2	validation	3
#00BFC4	14	386	2	validation	3
#00BFC4	14	387	2	validation	3
#00BFC4	14	388	2	validation	3
#00BFC4	14	389	2	validation	3
#00BFC4	14	390	2	validation	3
#00BFC4	14	391	2	validation	3
#00BFC4	14	392	2	validation	3
#00BFC4	14	393	2	validation	3
#00BFC4	14	394	2	validation	3
#00BFC4	14	395	2	validation	3
#00BFC4	14	396	2	validation	3
#00BFC4	14	397	2	validation	3
#00BFC4	14	398	2	validation	3
#00BFC4	14	399	2	validation	3
#00BFC4	14	400	2	validation	3
#00BFC4	14	401	2	validation	3
#00BFC4	14	402	2	validation	3
#00BFC4	14	403	2	validation	3
#00BFC4	14	404	2	validation	3
#00BFC4	14	405	2	validation	3
#00BFC4	14	406	2	validation	3
#00BFC4	14	407	2	validation	3
#00BFC4	14	408	2	validation	3
#00BFC4	14	409	2	validation	3
#00BFC4	14	410	2	validation	3
#00BFC4	14	411	2	validation	3
#00BFC4	14	412	2	validation	3
#00BFC4	14	413	2	validation	3
#00BFC4	14	414	2	validation	3
#00BFC4	14	415	2	validation	3
#00BFC4	14	416	2	validation	3
#00BFC4	14	417	2	validation	3
#00BFC4	14	418	2	validation	3
#00BFC4	14	419	2	validation	3
#00BFC4	14	420	2	validation	3
#00BFC4	14	421	2	validation	3
#00BFC4	14	422	2	validation	3
#00BFC4	14	423	2	validation	3
#00BFC4	14	424	2	validation	3
#00BFC4	14	425	2	validation	3
#00BFC4	14	426	2	validation	3
#00BFC4	14	427	2	validation	3
#00BFC4	14	428	2	validation	3
#00BFC4	14	429	2	validation	3
#00BFC4	14	430	2	validation	3
#00BFC4	14	431	2	validation	3
#00BFC4	14	432	2	validation	3
#00BFC4	14	433	2	validation	3
#00BFC4	14	434	2	validation	3
#00BFC4	14	435	2	validation	3
#00BFC4	14	436	2	validation	3
#00BFC4	14	437	2	validation	3
#00BFC4	14	438	2	validation	3
#00BFC4	14	439	2	validation	3
#00BFC4	14	440	2	validation	3
#00BFC4	14	441	2	validation	3
#00BFC4	14	442	2	validation	3
#00BFC4	14	443	2	validation	3
#00BFC4	16	444	2	validation	3
#00BFC4	16	445	2	validation	3
#00BFC4	16	446	2	validation	3
#00BFC4	16	447	2	validation	3
#00BFC4	16	448	2	validation	3
#00BFC4	16	449	2	validation	3
#00BFC4	16	450	2	validation	3
#00BFC4	16	451	2	validation	3
#00BFC4	16	452	2	validation	3
#00BFC4	16	453	2	validation	3
#00BFC4	16	454	2	validation	3
#00BFC4	16	455	2	validation	3
#00BFC4	16	456	2	validation	3
#00BFC4	16	457	2	validation	3
#00BFC4	16	458	2	validation	3
#00BFC4	16	459	2	validation	3
#00BFC4	16	460	2	validation	3
#00BFC4	16	461	2	validation	3
#00BFC4	16	462	2	validation	3
#00BFC4	16	463	2	validation	3
#00BFC4	16	464	2	validation	3
#00BFC4	16	465	2	validation	3
#00BFC4	16	466	2	validation	3
#00BFC4	16	467	2	validation	3
#00BFC4	16	468	2	validation	3
#00BFC4	16	469	2	validation	3
#00BFC4	16	470	2	validation	3
#00BFC4	16	471	2	validation	3
#00BFC4	16	472	2	validation	3
#00BFC4	16	473	2	validation	3
#00BFC4	16	474	2	validation	3
#00BFC4	16	475	2	validation	3
#00BFC4	16	476	2	validation	3
#00BFC4	16	477	2	validation	3
#00BFC4	16	478	2	validation	3
#00BFC4	16	479	2	validation	3
#00BFC4	16	480	2	validation	3
#00BFC4	16	481	2	validation	3
#00BFC4	16	482	2	validation	3
#00BFC4	16	483	2	validation	3
#00BFC4	16	484	2	validation	3
#00BFC4	16	485	2	validation	3
#00BFC4	16	486	2	validation	3
#00BFC4	16	487	2	validation	3
#00BFC4	16	488	2	validation	3
#00BFC4	16	489	2	validation	3
#00BFC4	16	490	2	validation	3
#00BFC4	16	491	2	validation	3
#00BFC4	16	492	2	validation	3
#00BFC4	16	493	2	validation	3
#00BFC4	16	494	2	validation	3
#00BFC4	16	495	2	validation	3
#00BFC4	16	496	2	validation	3
#00BFC4	16	497	2	validation	3
#00BFC4	16	498	2	validation	3
#00BFC4	16	499	2	validation	3
#00BFC4	16	500	2	validation	3
#00BFC4	16	501	2	validation	3
#00BFC4	16	502	2	validation	3
#00BFC4	16	503	2	validation	3
#00BFC4	16	504	2	validation	3
#00BFC4	16	505	2	validation	3
#00BFC4	16	506	2	validation	3
#00BFC4	16	507	2	validation	3
#00BFC4	16	508	2	validation	3
#00BFC4	16	509	2	validation	3
#00BFC4	16	510	2	validation	3
#00BFC4	16	511	2	validation	3
#00BFC4	16	512	2	validation	3
#00BFC4	16	513	2	validation	3
#00BFC4	16	514	2	validation	3
#00BFC4	16	515	2	validation	3
#00BFC4	16	516	2	validation	3
#00BFC4	16	517	2	validation	3
#00BFC4	16	518	2	validation	3
#00BFC4	16	519	2	validation	3
#00BFC4	16	520	2	validation	3
#00BFC4	16	521	2	validation	3
#00BFC4	16	522	2	validation	3
#00BFC4	16	523	2	validation	3
#00BFC4	16	524	2	validation	3
#00BFC4	16	525	2	validation	3
#00BFC4	16	526	2	validation	3
#00BFC4	16	527	2	validation	3
#00BFC4	16	528	2	validation	3
#00BFC4	16	529	2	validation	3
#00BFC4	16	530	2	validation	3
#00BFC4	16	531	2	validation	3
#00BFC4	16	532	2	validation	3
#00BFC4	16	533	2	validation	3
#00BFC4	16	534	2	validation	3
#00BFC4	16	535	2	validation	3
#00BFC4	16	536	2	validation	3
#00BFC4	16	537	2	validation	3
#00BFC4	16	538	2	validation	3
#00BFC4	16	539	2	validation	3
#00BFC4	16	540	2	validation	3
#00BFC4	16	541	2	validation	3
#00BFC4	16	542	2	validation	3
#00BFC4	16	543	2	validation	3
#00BFC4	16	544	2	validation	3
#00BFC4	16	545	2	validation	3
#00BFC4	16	546	2	validation	3
#00BFC4	16	547	2	validation	3
#00BFC4	16	548	2	validation	3
#00BFC4	16	549	2	validation	3
#00BFC4	16	550	2	validation	3
#00BFC4	16	551	2	validation	3
#00BFC4	16	552	2	validation	3
#00BFC4	16	553	2	validation	3
#00BFC4	16	554	2	validation	3
#00BFC4	16	555	2	validation	3
#00BFC4	16	556	2	validation	3
#00BFC4	16	557	2	validation	3
#00BFC4	16	558	2	validation	3
#00BFC4	16	559	2	validation	3
#00BFC4	16	560	2	validation	3
#00BFC4	16	561	2	validation	3
#00BFC4	16	562	2	validation	3
#00BFC4	16	563	2	validation	3
#00BFC4	16	564	2	validation	3
#00BFC4	16	565	2	validation	3
#00BFC4	16	566	2	validation	3
#00BFC4	16	567	2	validation	3
#00BFC4	16	568	2	validation	3
#00BFC4	16	569	2	validation	3
#00BFC4	16	570	2	validation	3
#00BFC4	16	571	2	validation	3
#00BFC4	16	572	2	validation	3
#00BFC4	16	573	2	validation	3
#00BFC4	16	574	2	validation	3
#00BFC4	16	575	2	validation	3
#00BFC4	16	576	2	validation	3
#00BFC4	16	577	2	validation	3
#00BFC4	16	578	2	validation	3
#00BFC4	16	579	2	validation	3
#00BFC4	16	580	2	validation	3
#00BFC4	16	581	2	validation	3
#00BFC4	16	582	2	validation	3
#00BFC4	16	583	2	validation	3
#00BFC4	16	584	2	validation	3
#00BFC4	16	585	2	validation	3
#00BFC4	16	586	2	validation	3
#00BFC4	16	587	2	validation	3
#00BFC4	16	588	2	validation	3
#00BFC4	16	589	2	validation	3
#00BFC4	16	590	2	validation	3
#00BFC4	16	591	2	validation	3
#00BFC4	16	592	2	validation	3
#00BFC4	16	593	2	validation	3
#00BFC4	16	594	2	validation	3
#00BFC4	16	595	2	validation	3
#00BFC4	16	596	2	validation	3
#00BFC4	16	597	2	validation	3
#00BFC4	16	598	2	validation	3
#00BFC4	16	599	2	validation	3
#00BFC4	16	600	2	validation	3
#00BFC4	16	601	2	validation	3
#00BFC4	16	602	2	validation	3
#00BFC4	16	603	2	validation	3
#00BFC4	16	604	2	validation	3
#00BFC4	16	605	2	validation	3
#00BFC4	16	606	2	validation	3
#00BFC4	16	607	2	validation	3
#00BFC4	16	608	2	validation	3
#00BFC4	16	609	2	validation	3
#00BFC4	16	610	2	validation	3
#00BFC4	16	611	2	validation	3
#00BFC4	16	612	2	validation	3
#00BFC4	16	613	2	validation	3
#00BFC4	16	614	2	validation	3
#00BFC4	16	615	2	validation	3
#00BFC4	16	616	2	validation	3
#00BFC4	16	617	2	validation	3
#00BFC4	16	618	2	validation	3
#00BFC4	16	619	2	validation	3
#00BFC4	16	620	2	validation	3
#00BFC4	16	621	2	validation	3
#00BFC4	16	622	2	validation	3
#00BFC4	16	623	2	validation	3
#00BFC4	16	624	2	validation	3
#00BFC4	16	625	2	validation	3
#00BFC4	16	626	2	validation	3
#00BFC4	16	627	2	validation	3
#00BFC4	16	628	2	validation	3
#00BFC4	16	629	2	validation	3
#00BFC4	16	630	2	validation	3
#00BFC4	16	631	2	validation	3
#00BFC4	16	632	2	validation	3
#00BFC4	16	633	2	validation	3
#00BFC4	16	634	2	validation	3
#00BFC4	16	635	2	validation	3
#00BFC4	16	636	2	validation	3
#00BFC4	16	637	2	validation	3
#00BFC4	16	638	2	validation	3
#00BFC4	16	639	2	validation	3
#00BFC4	16	640	2	validation	3
#00BFC4	16	641	2	validation	3
#00BFC4	16	642	2	validation	3
#00BFC4	16	643	2	validation	3
#00BFC4	16	644	2	validation	3
#00BFC4	16	645	2	validation	3
#00BFC4	16	646	2	validation	3
#00BFC4	16	647	2	validation	3
#00BFC4	16	648	2	validation	3
#00BFC4	16	649	2	validation	3
#00BFC4	16	650	2	validation	3
#00BFC4	16	651	2	validation	3
#00BFC4	16	652	2	validation	3
#00BFC4	16	653	2	validation	3
#00BFC4	16	654	2	validation	3
#00BFC4	16	655	2	validation	3
#00BFC4	16	656	2	validation	3
#00BFC4	16	657	2	validation	3
#00BFC4	16	658	2	validation	3
#00BFC4	16	659	2	validation	3
#00BFC4	16	660	2	validation	3
#00BFC4	16	661	2	validation	3
#00BFC4	16	662	2	validation	3
#00BFC4	16	663	2	validation	3
#00BFC4	16	664	2	validation	3
#00BFC4	16	665	2	validation	3
#00BFC4	16	666	2	validation	3
#00BFC4	16	667	2	validation	3
#00BFC4	16	668	2	validation	3
#00BFC4	16	669	2	validation	3
#00BFC4	16	670	2	validation	3
#00BFC4	16	671	2	validation	3
#00BFC4	16	672	2	validation	3
#00BFC4	16	673	2	validation	3
#00BFC4	16	674	2	validation	3
#00BFC4	16	675	2	validation	3
#00BFC4	16	676	2	validation	3
#00BFC4	16	677	2	validation	3
#00BFC4	16	678	2	validation	3
#00BFC4	16	679	2	validation	3
#00BFC4	16	680	2	validation	3
#00BFC4	16	681	2	validation	3
#00BFC4	16	682	2	validation	3
#00BFC4	16	683	2	validation	3
#00BFC4	16	684	2	validation	3
#00BFC4	16	685	2	validation	3
#00BFC4	16	686	2	validation	3
#00BFC4	16	687	2	validation	3
#00BFC4	16	688	2	validation	3
#00BFC4	16	689	2	validation	3
#00BFC4	16	690	2	validation	3
#00BFC4	16	691	2	validation	3
#00BFC4	16	692	2	validation	3
#00BFC4	16	693	2	validation	3
#00BFC4	16	694	2	validation	3
#00BFC4	16	695	2	validation	3
#00BFC4	16	696	2	validation	3
#00BFC4	16	697	2	validation	3
#00BFC4	16	698	2	validation	3
#00BFC4	16	699	2	validation	3
#00BFC4	16	700	2	validation	3
#00BFC4	16	701	2	validation	3
#00BFC4	16	702	2	validation	3
#00BFC4	16	703	2	validation	3
#00BFC4	16	704	2	validation	3
#00BFC4	16	705	2	validation	3
#00BFC4	16	706	2	validation	3
#00BFC4	16	707	2	validation	3
#00BFC4	16	708	2	validation	3
#00BFC4	16	709	2	validation	3
#00BFC4	16	710	2	validation	3
#00BFC4	16	711	2	validation	3
#00BFC4	16	712	2	validation	3
#00BFC4	16	713	2	validation	3
#00BFC4	16	714	2	validation	3
#00BFC4	16	715	2	validation	3
#00BFC4	16	716	2	validation	3
#00BFC4	16	717	2	validation	3
#00BFC4	16	718	2	validation	3
#00BFC4	16	719	2	validation	3
#00BFC4	16	720	2	validation	3
#00BFC4	16	721	2	validation	3
#00BFC4	16	722	2	validation	3
#00BFC4	16	723	2	validation	3
#00BFC4	16	724	2	validation	3
#00BFC4	16	725	2	validation	3
#00BFC4	16	726	2	validation	3
#00BFC4	16	727	2	validation	3
#00BFC4	16	728	2	validation	3
#00BFC4	16	729	2	validation	3
#00BFC4	16	730	2	validation	3
#00BFC4	16	731	2	validation	3
#00BFC4	16	732	2	validation	3
#00BFC4	16	733	2	validation	3
#00BFC4	16	734	2	validation	3
#00BFC4	16	735	2	validation	3
#00BFC4	16	736	2	validation	3
#00BFC4	16	737	2	validation	3
#00BFC4	16	738	2	validation	3
#00BFC4	16	739	2	validation	3
#00BFC4	16	740	2	validation	3
#00BFC4	16	741	2	validation	3
#00BFC4	16	742	2	validation	3
#00BFC4	16	743	2	validation	3
#00BFC4	16	744	2	validation	3
#00BFC4	16	745	2	validation	3
#00BFC4	16	746	2	validation	3
#00BFC4	16	747	2	validation	3
#00BFC4	16	748	2	validation	3
#00BFC4	16	749	2	validation	3
#00BFC4	16	750	2	validation	3
#00BFC4	16	751	2	validation	3
#00BFC4	16	752	2	validation	3
#00BFC4	16	753	2	validation	3
#00BFC4	16	754	2	validation	3
#00BFC4	16	755	2	validation	3
#00BFC4	16	756	2	validation	3
#00BFC4	16	757	2	validation	3
#00BFC4	16	758	2	validation	3
#00BFC4	16	759	2	validation	3
#00BFC4	16	760	2	validation	3
#00BFC4	16	761	2	validation	3
#00BFC4	16	762	2	validation	3
#00BFC4	16	763	2	validation	3
#00BFC4	16	764	2	validation	3
#00BFC4	16	765	2	validation	3
#00BFC4	16	766	2	validation	3
#00BFC4	16	767	2	validation	3
#00BFC4	16	768	2	validation	3
#00BFC4	16	769	2	validation	3
#00BFC4	16	770	2	validation	3
#00BFC4	16	771	2	validation	3
#00BFC4	16	772	2	validation	3
#00BFC4	16	773	2	validation	3
#00BFC4	16	774	2	validation	3
#00BFC4	16	775	2	validation	3
#00BFC4	16	776	2	validation	3
#00BFC4	16	777	2	validation	3
#00BFC4	16	778	2	validation	3
#00BFC4	16	779	2	validation	3
#00BFC4	16	780	2	validation	3
#00BFC4	16	781	2	validation	3
#00BFC4	16	782	2	validation	3
#00BFC4	16	783	2	validation	3
#00BFC4	16	784	2	validation	3
#00BFC4	16	785	2	validation	3
#00BFC4	16	786	2	validation	3
#00BFC4	16	787	2	validation	3
#00BFC4	16	788	2	validation	3
#00BFC4	16	789	2	validation	3
#00BFC4	16	790	2	validation	3
#00BFC4	16	791	2	validation	3
#00BFC4	16	792	2	validation	3
#00BFC4	16	793	2	validation	3
#00BFC4	16	794	2	validation	3
#00BFC4	16	795	2	validation	3
#00BFC4	16	796	2	validation	3
#00BFC4	16	797	2	validation	3
#00BFC4	16	798	2	validation	3
#00BFC4	16	799	2	validation	3
#00BFC4	16	800	2	validation	3
#00BFC4	16	801	2	validation	3
#00BFC4	16	802	2	validation	3
#00BFC4	16	803	2	validation	3
#00BFC4	16	804	2	validation	3
#00BFC4	16	805	2	validation	3
#00BFC4	16	806	2	validation	3
#00BFC4	16	807	2	validation	3
#00BFC4	16	808	2	validation	3
#00BFC4	16	809	2	validation	3
#00BFC4	16	810	2	validation	3
#00BFC4	16	811	2	validation	3
#00BFC4	16	812	2	validation	3
#00BFC4	16	813	2	validation	3
#00BFC4	16	814	2	validation	3
#00BFC4	16	815	2	validation	3
#00BFC4	16	816	2	validation	3
#00BFC4	16	817	2	validation	3
#00BFC4	16	818	2	validation	3
#00BFC4	16	819	2	validation	3
#00BFC4	16	820	2	validation	3
#00BFC4	16	821	2	validation	3
#00BFC4	16	822	2	validation	3
#00BFC4	16	823	2	validation	3
#00BFC4	16	824	2	validation	3
#00BFC4	16	825	2	validation	3
#00BFC4	16	826	2	validation	3
#00BFC4	16	827	2	validation	3
#00BFC4	16	828	2	validation	3
#00BFC4	16	829	2	validation	3
#00BFC4	16	830	2	validation	3
#00BFC4	16	831	2	validation	3
#00BFC4	16	832	2	validation	3
#00BFC4	16	833	2	validation	3
#00BFC4	16	834	2	validation	3
#00BFC4	16	835	2	validation	3
#00BFC4	16	836	2	validation	3
#00BFC4	16	837	2	validation	3
#00BFC4	16	838	2	validation	3
#00BFC4	16	839	2	validation	3
#00BFC4	16	840	2	validation	3
#00BFC4	16	841	2	validation	3
#00BFC4	16	842	2	validation	3
#00BFC4	16	843	2	validation	3
#00BFC4	16	844	2	validation	3
#00BFC4	16	845	2	validation	3
#00BFC4	16	846	2	validation	3
#00BFC4	16	847	2	validation	3
#00BFC4	16	848	2	validation	3
#00BFC4	16	849	2	validation	3
#00BFC4	16	850	2	validation	3
#00BFC4	16	851	2	validation	3
#00BFC4	16	852	2	validation	3
#00BFC4	16	853	2	validation	3
#00BFC4	16	854	2	validation	3
#00BFC4	16	855	2	validation	3
#00BFC4	16	856	2	validation	3
#00BFC4	16	857	2	validation	3
#00BFC4	16	858	2	validation	3
#00BFC4	16	859	2	validation	3
#00BFC4	16	860	2	validation	3
#00BFC4	16	861	2	validation	3
#00BFC4	16	862	2	validation	3
#00BFC4	16	863	2	validation	3
#00BFC4	16	864	2	validation	3
#00BFC4	16	865	2	validation	3
#00BFC4	16	866	2	validation	3
#00BFC4	16	867	2	validation	3
#00BFC4	16	868	2	validation	3
#00BFC4	16	869	2	validation	3
#00BFC4	16	870	2	validation	3
#00BFC4	16	871	2	validation	3
#00BFC4	16	872	2	validation	3
#00BFC4	16	873	2	validation	3
#00BFC4	16	874	2	validation	3
#00BFC4	16	875	2	validation	3
#00BFC4	16	876	2	validation	3
#00BFC4	16	877	2	validation	3
#00BFC4	16	878	2	validation	3
#00BFC4	16	879	2	validation	3
#00BFC4	16	880	2	validation	3
#00BFC4	16	881	2	validation	3
#00BFC4	16	882	2	validation	3
#00BFC4	16	883	2	validation	3
#00BFC4	16	884	2	validation	3
#00BFC4	16	885	2	validation	3
#00BFC4	16	886	2	validation	3
#00BFC4	16	887	2	validation	3
#00BFC4	16	888	2	validation	3
#00BFC4	16	889	2	validation	3
#00BFC4	16	890	2	validation	3
#00BFC4	16	891	2	validation	3
#00BFC4	16	892	2	validation	3
#00BFC4	16	893	2	validation	3
#00BFC4	16	894	2	validation	3
#00BFC4	16	895	2	validation	3
#00BFC4	16	896	2	validation	3
#00BFC4	16	897	2	validation	3
#00BFC4	16	898	2	validation	3
#00BFC4	16	899	2	validation	3
#00BFC4	16	900	2	validation	3
#00BFC4	16	901	2	validation	3
#00BFC4	16	902	2	validation	3
#00BFC4	16	903	2	validation	3
#00BFC4	16	904	2	validation	3
#00BFC4	16	905	2	validation	3
#00BFC4	16	906	2	validation	3
#00BFC4	16	907	2	validation	3
#00BFC4	16	908	2	validation	3
#00BFC4	16	909	2	validation	3
#00BFC4	16	910	2	validation	3
#00BFC4	16	911	2	validation	3
#00BFC4	16	912	2	validation	3
#00BFC4	16	913	2	validation	3
#00BFC4	16	914	2	validation	3
#00BFC4	16	915	2	validation	3
#00BFC4	16	916	2	validation	3
#00BFC4	16	917	2	validation	3
#00BFC4	16	918	2	validation	3
#00BFC4	16	919	2	validation	3
#00BFC4	16	920	2	validation	3
#00BFC4	16	921	2	validation	3
#00BFC4	16	922	2	validation	3
#00BFC4	16	923	2	validation	3
#00BFC4	16	924	2	validation	3
#00BFC4	16	925	2	validation	3
#00BFC4	16	926	2	validation	3
#00BFC4	16	927	2	validation	3
#00BFC4	16	928	2	validation	3
#00BFC4	16	929	2	validation	3
#00BFC4	16	930	2	validation	3
#00BFC4	16	931	2	validation	3
#00BFC4	16	932	2	validation	3
#00BFC4	16	933	2	validation	3
#00BFC4	16	934	2	validation	3
#00BFC4	16	935	2	validation	3
#00BFC4	16	936	2	validation	3
#00BFC4	16	937	2	validation	3
#00BFC4	16	938	2	validation	3
#00BFC4	16	939	2	validation	3
#00BFC4	16	940	2	validation	3
#00BFC4	16	941	2	validation	3
#00BFC4	16	942	2	validation	3
#00BFC4	16	943	2	validation	3
#00BFC4	16	944	2	validation	3
#00BFC4	16	945	2	validation	3
#00BFC4	16	946	2	validation	3
#00BFC4	16	947	2	validation	3
#00BFC4	16	948	2	validation	3
#00BFC4	16	949	2	validation	3
#00BFC4	16	950	2	validation	3
#00BFC4	16	951	2	validation	3
#00BFC4	16	952	2	validation	3
#00BFC4	16	953	2	validation	3
#00BFC4	16	954	2	validation	3
#00BFC4	16	955	2	validation	3
#00BFC4	16	956	2	validation	3
#00BFC4	16	957	2	validation	3
#00BFC4	16	958	2	validation	3
#00BFC4	16	959	2	validation	3
#00BFC4	16	960	2	validation	3
#00BFC4	16	961	2	validation	3
#00BFC4	16	962	2	validation	3
#00BFC4	16	963	2	validation	3
#00BFC4	16	964	2	validation	3
#00BFC4	16	965	2	validation	3
#00BFC4	16	966	2	validation	3
#00BFC4	16	967	2	validation	3
#00BFC4	16	968	2	validation	3
#00BFC4	16	969	2	validation	3
#00BFC4	16	970	2	validation	3
#00BFC4	16	971	2	validation	3
#00BFC4	16	972	2	validation	3
#00BFC4	16	973	2	validation	3
#00BFC4	16	974	2	validation	3
#00BFC4	16	975	2	validation	3
#00BFC4	16	976	2	validation	3
#00BFC4	16	977	2	validation	3
#00BFC4	16	978	2	validation	3
#00BFC4	16	979	2	validation	3
#00BFC4	16	980	2	validation	3
#00BFC4	16	981	2	validation	3
#00BFC4	16	982	2	validation	3
#00BFC4	16	983	2	validation	3
#00BFC4	16	984	2	validation	3
#00BFC4	16	985	2	validation	3
#00BFC4	16	986	2	validation	3
#00BFC4	16	987	2	validation	3
#00BFC4	16	988	2	validation	3
#00BFC4	16	989	2	validation	3
#00BFC4	16	990	2	validation	3
#00BFC4	16	991	2	validation	3
#00BFC4	16	992	2	validation	3
#00BFC4	16	993	2	validation	3
#00BFC4	16	994	2	validation	3
#00BFC4	16	995	2	validation	3
#00BFC4	16	996	2	validation	3
#00BFC4	16	997	2	validation	3
#00BFC4	16	998	2	validation	3
#00BFC4	16	999	2	validation	3
#00BFC4	16	1000	2	validation	3
#F8766D	58	1	1	subtrain	4
#F8766D	38	2	1	subtrain	4
#F8766D	64	3	1	subtrain	4
#F8766D	34	4	1	subtrain	4
#F8766D	70	5	1	subtrain	4
#F8766D	34	6	1	subtrain	4
#F8766D	44	7	1	subtrain	4
#F8766D	34	8	1	subtrain	4
#F8766D	50	9	1	subtrain	4
#F8766D	34	10	1	subtrain	4
#F8766D	36	11	1	subtrain	4
#F8766D	34	12	1	subtrain	4
#F8766D	38	13	1	subtrain	4
#F8766D	34	14	1	subtrain	4
#F8766D	34	15	1	subtrain	4
#F8766D	34	16	1	subtrain	4
#F8766D	32	17	1	subtrain	4
#F8766D	34	18	1	subtrain	4
#F8766D	28	19	1	subtrain	4
#F8766D	34	20	1	subtrain	4
#F8766D	22	21	1	subtrain	4
#F8766D	32	22	1	subtrain	4
#F8766D	24	23	1	subtrain	4
#F8766D	30	24	1	subtrain	4
#F8766D	16	25	1	subtrain	4
#F8766D	24	26	1	subtrain	4
#F8766D	14	27	1	subtrain	4
#F8766D	16	28	1	subtrain	4
#F8766D	14	29	1	subtrain	4
#F8766D	14	30	1	subtrain	4
#F8766D	14	31	1	subtrain	4
#F8766D	12	32	1	subtrain	4
#F8766D	14	33	1	subtrain	4
#F8766D	14	34	1	subtrain	4
#F8766D	10	35	1	subtrain	4
#F8766D	14	36	1	subtrain	4
#F8766D	10	37	1	subtrain	4
#F8766D	12	38	1	subtrain	4
#F8766D	10	39	1	subtrain	4
#F8766D	12	40	1	subtrain	4
#F8766D	10	41	1	subtrain	4
#F8766D	10	42	1	subtrain	4
#F8766D	8	43	1	subtrain	4
#F8766D	6	44	1	subtrain	4
#F8766D	8	45	1	subtrain	4
#F8766D	6	46	1	subtrain	4
#F8766D	8	47	1	subtrain	4
#F8766D	6	48	1	subtrain	4
#F8766D	6	49	1	subtrain	4
#F8766D	6	50	1	subtrain	4
#F8766D	6	51	1	subtrain	4
#F8766D	6	52	1	subtrain	4
#F8766D	6	53	1	subtrain	4
#F8766D	6	54	1	subtrain	4
#F8766D	6	55	1	subtrain	4
#F8766D	6	56	1	subtrain	4
#F8766D	6	57	1	subtrain	4
#F8766D	6	58	1	subtrain	4
#F8766D	6	59	1	subtrain	4
#F8766D	6	60	1	subtrain	4
#F8766D	6	61	1	subtrain	4
#F8766D	6	62	1	subtrain	4
#F8766D	6	63	1	subtrain	4
#F8766D	6	64	1	subtrain	4
#F8766D	6	65	1	subtrain	4
#F8766D	6	66	1	subtrain	4
#F8766D	6	67	1	subtrain	4
#F8766D	6	68	1	subtrain	4
#F8766D	6	69	1	subtrain	4
#F8766D	6	70	1	subtrain	4
#F8766D	6	71	1	subtrain	4
#F8766D	6	72	1	subtrain	4
#F8766D	6	73	1	subtrain	4
#F8766D	6	74	1	subtrain	4
#F8766D	6	75	1	subtrain	4
#F8766D	6	76	1	subtrain	4
#F8766D	6	77	1	subtrain	4
#F8766D	6	78	1	subtrain	4
#F8766D	6	79	1	subtrain	4
#F8766D	6	80	1	subtrain	4
#F8766D	6	81	1	subtrain	4
#F8766D	6	82	1	subtrain	4
#F8766D	6	83	1	subtrain	4
#F8766D	4	84	1	subtrain	4
#F8766D	6	85	1	subtrain	4
#F8766D	4	86	1	subtrain	4
#F8766D	6	87	1	subtrain	4
#F8766D	4	88	1	subtrain	4
#F8766D	4	89	1	subtrain	4
#F8766D	4	90	1	subtrain	4
#F8766D	4	91	1	subtrain	4
#F8766D	4	92	1	subtrain	4
#F8766D	4	93	1	subtrain	4
#F8766D	4	94	1	subtrain	4
#F8766D	4	95	1	subtrain	4
#F8766D	4	96	1	subtrain	4
#F8766D	4	97	1	subtrain	4
#F8766D	4	98	1	subtrain	4
#F8766D	4	99	1	subtrain	4
#F8766D	4	100	1	subtrain	4
#F8766D	4	101	1	subtrain	4
#F8766D	4	102	1	subtrain	4
#F8766D	4	103	1	subtrain	4
#F8766D	4	104	1	subtrain	4
#F8766D	4	105	1	subtrain	4
#F8766D	4	106	1	subtrain	4
#F8766D	4	107	1	subtrain	4
#F8766D	4	108	1	subtrain	4
#F8766D	4	109	1	subtrain	4
#F8766D	4	110	1	subtrain	4
#F8766D	4	111	1	subtrain	4
#F8766D	4	112	1	subtrain	4
#F8766D	4	113	1	subtrain	4
#F8766D	4	114	1	subtrain	4
#F8766D	4	115	1	subtrain	4
#F8766D	4	116	1	subtrain	4
#F8766D	4	117	1	subtrain	4
#F8766D	4	118	1	subtrain	4
#F8766D	4	119	1	subtrain	4
#F8766D	4	120	1	subtrain	4
#F8766D	4	121	1	subtrain	4
#F8766D	4	122	1	subtrain	4
#F8766D	4	123	1	subtrain	4
#F8766D	4	124	1	subtrain	4
#F8766D	4	125	1	subtrain	4
#F8766D	4	126	1	subtrain	4
#F8766D	4	127	1	subtrain	4
#F8766D	4	128	1	subtrain	4
#F8766D	4	129	1	subtrain	4
#F8766D	4	130	1	subtrain	4
#F8766D	4	131	1	subtrain	4
#F8766D	4	132	1	subtrain	4
#F8766D	4	133	1	subtrain	4
#F8766D	4	134	1	subtrain	4
#F8766D	4	135	1	subtrain	4
#F8766D	4	136	1	subtrain	4
#F8766D	2	137	1	subtrain	4
#F8766D	4	138	1	subtrain	4
#F8766D	2	139	1	subtrain	4
#F8766D	4	140	1	subtrain	4
#F8766D	2	141	1	subtrain	4
#F8766D	4	142	1	subtrain	4
#F8766D	2	143	1	subtrain	4
#F8766D	4	144	1	subtrain	4
#F8766D	2	145	1	subtrain	4
#F8766D	4	146	1	subtrain	4
#F8766D	2	147	1	subtrain	4
#F8766D	4	148	1	subtrain	4
#F8766D	2	149	1	subtrain	4
#F8766D	2	150	1	subtrain	4
#F8766D	2	151	1	subtrain	4
#F8766D	2	152	1	subtrain	4
#F8766D	2	153	1	subtrain	4
#F8766D	2	154	1	subtrain	4
#F8766D	2	155	1	subtrain	4
#F8766D	2	156	1	subtrain	4
#F8766D	2	157	1	subtrain	4
#F8766D	2	158	1	subtrain	4
#F8766D	2	159	1	subtrain	4
#F8766D	2	160	1	subtrain	4
#F8766D	2	161	1	subtrain	4
#F8766D	2	162	1	subtrain	4
#F8766D	2	163	1	subtrain	4
#F8766D	2	164	1	subtrain	4
#F8766D	2	165	1	subtrain	4
#F8766D	2	166	1	subtrain	4
#F8766D	2	167	1	subtrain	4
#F8766D	2	168	1	subtrain	4
#F8766D	2	169	1	subtrain	4
#F8766D	2	170	1	subtrain	4
#F8766D	2	171	1	subtrain	4
#F8766D	2	172	1	subtrain	4
#F8766D	2	173	1	subtrain	4
#F8766D	2	174	1	subtrain	4
#F8766D	2	175	1	subtrain	4
#F8766D	2	176	1	subtrain	4
#F8766D	2	177	1	subtrain	4
#F8766D	2	178	1	subtrain	4
#F8766D	2	179	1	subtrain	4
#F8766D	2	180	1	subtrain	4
#F8766D	2	181	1	subtrain	4
#F8766D	2	182	1	subtrain	4
#F8766D	2	183	1	subtrain	4
#F8766D	2	184	1	subtrain	4
#F8766D	2	185	1	subtrain	4
#F8766D	2	186	1	subtrain	4
#F8766D	2	187	1	subtrain	4
#F8766D	2	188	1	subtrain	4
#F8766D	2	189	1	subtrain	4
#F8766D	2	190	1	subtrain	4
#F8766D	2	191	1	subtrain	4
#F8766D	2	192	1	subtrain	4
#F8766D	2	193	1	subtrain	4
#F8766D	2	194	1	subtrain	4
#F8766D	2	195	1	subtrain	4
#F8766D	2	196	1	subtrain	4
#F8766D	2	197	1	subtrain	4
#F8766D	2	198	1	subtrain	4
#F8766D	2	199	1	subtrain	4
#F8766D	2	200	1	subtrain	4
#F8766D	2	201	1	subtrain	4
#F8766D	2	202	1	subtrain	4
#F8766D	2	203	1	subtrain	4
#F8766D	2	204	1	subtrain	4
#F8766D	2	205	1	subtrain	4
#F8766D	2	206	1	subtrain	4
#F8766D	2	207	1	subtrain	4
#F8766D	2	208	1	subtrain	4
#F8766D	2	209	1	subtrain	4
#F8766D	2	210	1	subtrain	4
#F8766D	2	211	1	subtrain	4
#F8766D	2	212	1	subtrain	4
#F8766D	2	213	1	subtrain	4
#F8766D	2	214	1	subtrain	4
#F8766D	2	215	1	subtrain	4
#F8766D	2	216	1	subtrain	4
#F8766D	2	217	1	subtrain	4
#F8766D	2	218	1	subtrain	4
#F8766D	2	219	1	subtrain	4
#F8766D	2	220	1	subtrain	4
#F8766D	2	221	1	subtrain	4
#F8766D	2	222	1	subtrain	4
#F8766D	2	223	1	subtrain	4
#F8766D	2	224	1	subtrain	4
#F8766D	2	225	1	subtrain	4
#F8766D	2	226	1	subtrain	4
#F8766D	2	227	1	subtrain	4
#F8766D	2	228	1	subtrain	4
#F8766D	2	229	1	subtrain	4
#F8766D	2	230	1	subtrain	4
#F8766D	2	231	1	subtrain	4
#F8766D	2	232	1	subtrain	4
#F8766D	2	233	1	subtrain	4
#F8766D	2	234	1	subtrain	4
#F8766D	2	235	1	subtrain	4
#F8766D	2	236	1	subtrain	4
#F8766D	2	237	1	subtrain	4
#F8766D	2	238	1	subtrain	4
#F8766D	2	239	1	subtrain	4
#F8766D	2	240	1	subtrain	4
#F8766D	2	241	1	subtrain	4
#F8766D	2	242	1	subtrain	4
#F8766D	2	243	1	subtrain	4
#F8766D	2	244	1	subtrain	4
#F8766D	2	245	1	subtrain	4
#F8766D	2	246	1	subtrain	4
#F8766D	2	247	1	subtrain	4
#F8766D	2	248	1	subtrain	4
#F8766D	2	249	1	subtrain	4
#F8766D	2	250	1	subtrain	4
#F8766D	2	251	1	subtrain	4
#F8766D	2	252	1	subtrain	4
#F8766D	2	253	1	subtrain	4
#F8766D	2	254	1	subtrain	4
#F8766D	2	255	1	subtrain	4
#F8766D	2	256	1	subtrain	4
#F8766D	2	257	1	subtrain	4
#F8766D	2	258	1	subtrain	4
#F8766D	2	259	1	subtrain	4
#F8766D	2	260	1	subtrain	4
#F8766D	2	261	1	subtrain	4
#F8766D	2	262	1	subtrain	4
#F8766D	2	263	1	subtrain	4
#F8766D	2	264	1	subtrain	4
#F8766D	2	265	1	subtrain	4
#F8766D	2	266	1	subtrain	4
#F8766D	2	267	1	subtrain	4
#F8766D	2	268	1	subtrain	4
#F8766D	2	269	1	subtrain	4
#F8766D	2	270	1	subtrain	4
#F8766D	2	271	1	subtrain	4
#F8766D	2	272	1	subtrain	4
#F8766D	2	273	1	subtrain	4
#F8766D	2	274	1	subtrain	4
#F8766D	2	275	1	subtrain	4
#F8766D	2	276	1	subtrain	4
#F8766D	2	277	1	subtrain	4
#F8766D	2	278	1	subtrain	4
#F8766D	2	279	1	subtrain	4
#F8766D	2	280	1	subtrain	4
#F8766D	2	281	1	subtrain	4
#F8766D	2	282	1	subtrain	4
#F8766D	2	283	1	subtrain	4
#F8766D	2	284	1	subtrain	4
#F8766D	2	285	1	subtrain	4
#F8766D	2	286	1	subtrain	4
#F8766D	2	287	1	subtrain	4
#F8766D	2	288	1	subtrain	4
#F8766D	2	289	1	subtrain	4
#F8766D	2	290	1	subtrain	4
#F8766D	2	291	1	subtrain	4
#F8766D	2	292	1	subtrain	4
#F8766D	2	293	1	subtrain	4
#F8766D	2	294	1	subtrain	4
#F8766D	2	295	1	subtrain	4
#F8766D	2	296	1	subtrain	4
#F8766D	2	297	1	subtrain	4
#F8766D	2	298	1	subtrain	4
#F8766D	2	299	1	subtrain	4
#F8766D	2	300	1	subtrain	4
#F8766D	2	301	1	subtrain	4
#F8766D	2	302	1	subtrain	4
#F8766D	2	303	1	subtrain	4
#F8766D	2	304	1	subtrain	4
#F8766D	2	305	1	subtrain	4
#F8766D	2	306	1	subtrain	4
#F8766D	2	307	1	subtrain	4
#F8766D	2	308	1	subtrain	4
#F8766D	2	309	1	subtrain	4
#F8766D	2	310	1	subtrain	4
#F8766D	2	311	1	subtrain	4
#F8766D	2	312	1	subtrain	4
#F8766D	2	313	1	subtrain	4
#F8766D	2	314	1	subtrain	4
#F8766D	2	315	1	subtrain	4
#F8766D	2	316	1	subtrain	4
#F8766D	2	317	1	subtrain	4
#F8766D	2	318	1	subtrain	4
#F8766D	2	319	1	subtrain	4
#F8766D	2	320	1	subtrain	4
#F8766D	2	321	1	subtrain	4
#F8766D	2	322	1	subtrain	4
#F8766D	2	323	1	subtrain	4
#F8766D	2	324	1	subtrain	4
#F8766D	2	325	1	subtrain	4
#F8766D	2	326	1	subtrain	4
#F8766D	2	327	1	subtrain	4
#F8766D	2	328	1	subtrain	4
#F8766D	2	329	1	subtrain	4
#F8766D	2	330	1	subtrain	4
#F8766D	2	331	1	subtrain	4
#F8766D	2	332	1	subtrain	4
#F8766D	2	333	1	subtrain	4
#F8766D	2	334	1	subtrain	4
#F8766D	2	335	1	subtrain	4
#F8766D	2	336	1	subtrain	4
#F8766D	2	337	1	subtrain	4
#F8766D	2	338	1	subtrain	4
#F8766D	2	339	1	subtrain	4
#F8766D	2	340	1	subtrain	4
#F8766D	2	341	1	subtrain	4
#F8766D	2	342	1	subtrain	4
#F8766D	2	343	1	subtrain	4
#F8766D	2	344	1	subtrain	4
#F8766D	2	345	1	subtrain	4
#F8766D	2	346	1	subtrain	4
#F8766D	2	347	1	subtrain	4
#F8766D	2	348	1	subtrain	4
#F8766D	2	349	1	subtrain	4
#F8766D	2	350	1	subtrain	4
#F8766D	2	351	1	subtrain	4
#F8766D	2	352	1	subtrain	4
#F8766D	2	353	1	subtrain	4
#F8766D	2	354	1	subtrain	4
#F8766D	2	355	1	subtrain	4
#F8766D	2	356	1	subtrain	4
#F8766D	2	357	1	subtrain	4
#F8766D	2	358	1	subtrain	4
#F8766D	2	359	1	subtrain	4
#F8766D	2	360	1	subtrain	4
#F8766D	2	361	1	subtrain	4
#F8766D	2	362	1	subtrain	4
#F8766D	2	363	1	subtrain	4
#F8766D	2	364	1	subtrain	4
#F8766D	2	365	1	subtrain	4
#F8766D	2	366	1	subtrain	4
#F8766D	2	367	1	subtrain	4
#F8766D	2	368	1	subtrain	4
#F8766D	0	369	1	subtrain	4
#F8766D	2	370	1	subtrain	4
#F8766D	0	371	1	subtrain	4
#F8766D	0	372	1	subtrain	4
#F8766D	0	373	1	subtrain	4
#F8766D	0	374	1	subtrain	4
#F8766D	0	375	1	subtrain	4
#F8766D	0	376	1	subtrain	4
#F8766D	0	377	1	subtrain	4
#F8766D	0	378	1	subtrain	4
#F8766D	0	379	1	subtrain	4
#F8766D	0	380	1	subtrain	4
#F8766D	0	381	1	subtrain	4
#F8766D	0	382	1	subtrain	4
#F8766D	0	383	1	subtrain	4
#F8766D	0	384	1	subtrain	4
#F8766D	0	385	1	subtrain	4
#F8766D	0	386	1	subtrain	4
#F8766D	0	387	1	subtrain	4
#F8766D	0	388	1	subtrain	4
#F8766D	0	389	1	subtrain	4
#F8766D	0	390	1	subtrain	4
#F8766D	0	391	1	subtrain	4
#F8766D	0	392	1	subtrain	4
#F8766D	0	393	1	subtrain	4
#F8766D	0	394	1	subtrain	4
#F8766D	0	395	1	subtrain	4
#F8766D	0	396	1	subtrain	4
#F8766D	0	397	1	subtrain	4
#F8766D	0	398	1	subtrain	4
#F8766D	0	399	1	subtrain	4
#F8766D	0	400	1	subtrain	4
#F8766D	0	401	1	subtrain	4
#F8766D	0	402	1	subtrain	4
#F8766D	0	403	1	subtrain	4
#F8766D	0	404	1	subtrain	4
#F8766D	0	405	1	subtrain	4
#F8766D	0	406	1	subtrain	4
#F8766D	0	407	1	subtrain	4
#F8766D	0	408	1	subtrain	4
#F8766D	0	409	1	subtrain	4
#F8766D	0	410	1	subtrain	4
#F8766D	0	411	1	subtrain	4
#F8766D	0	412	1	subtrain	4
#F8766D	0	413	1	subtrain	4
#F8766D	0	414	1	subtrain	4
#F8766D	0	415	1	subtrain	4
#F8766D	0	416	1	subtrain	4
#F8766D	0	417	1	subtrain	4
#F8766D	0	418	1	subtrain	4
#F8766D	0	419	1	subtrain	4
#F8766D	0	420	1	subtrain	4
#F8766D	0	421	1	subtrain	4
#F8766D	0	422	1	subtrain	4
#F8766D	0	423	1	subtrain	4
#F8766D	0	424	1	subtrain	4
#F8766D	0	425	1	subtrain	4
#F8766D	0	426	1	subtrain	4
#F8766D	0	427	1	subtrain	4
#F8766D	0	428	1	subtrain	4
#F8766D	0	429	1	subtrain	4
#F8766D	0	430	1	subtrain	4
#F8766D	0	431	1	subtrain	4
#F8766D	0	432	1	subtrain	4
#F8766D	0	433	1	subtrain	4
#F8766D	0	434	1	subtrain	4
#F8766D	0	435	1	subtrain	4
#F8766D	0	436	1	subtrain	4
#F8766D	0	437	1	subtrain	4
#F8766D	0	438	1	subtrain	4
#F8766D	0	439	1	subtrain	4
#F8766D	0	440	1	subtrain	4
#F8766D	0	441	1	subtrain	4
#F8766D	0	442	1	subtrain	4
#F8766D	0	443	1	subtrain	4
#F8766D	0	444	1	subtrain	4
#F8766D	0	445	1	subtrain	4
#F8766D	0	446	1	subtrain	4
#F8766D	0	447	1	subtrain	4
#F8766D	0	448	1	subtrain	4
#F8766D	0	449	1	subtrain	4
#F8766D	0	450	1	subtrain	4
#F8766D	0	451	1	subtrain	4
#F8766D	0	452	1	subtrain	4
#F8766D	0	453	1	subtrain	4
#F8766D	0	454	1	subtrain	4
#F8766D	0	455	1	subtrain	4
#F8766D	0	456	1	subtrain	4
#F8766D	0	457	1	subtrain	4
#F8766D	0	458	1	subtrain	4
#F8766D	0	459	1	subtrain	4
#F8766D	0	460	1	subtrain	4
#F8766D	0	461	1	subtrain	4
#F8766D	0	462	1	subtrain	4
#F8766D	0	463	1	subtrain	4
#F8766D	0	464	1	subtrain	4
#F8766D	0	465	1	subtrain	4
#F8766D	0	466	1	subtrain	4
#F8766D	0	467	1	subtrain	4
#F8766D	0	468	1	subtrain	4
#F8766D	0	469	1	subtrain	4
#F8766D	0	470	1	subtrain	4
#F8766D	0	471	1	subtrain	4
#F8766D	0	472	1	subtrain	4
#F8766D	0	473	1	subtrain	4
#F8766D	0	474	1	subtrain	4
#F8766D	0	475	1	subtrain	4
#F8766D	0	476	1	subtrain	4
#F8766D	0	477	1	subtrain	4
#F8766D	0	478	1	subtrain	4
#F8766D	0	479	1	subtrain	4
#F8766D	0	480	1	subtrain	4
#F8766D	0	481	1	subtrain	4
#F8766D	0	482	1	subtrain	4
#F8766D	0	483	1	subtrain	4
#F8766D	0	484	1	subtrain	4
#F8766D	0	485	1	subtrain	4
#F8766D	0	486	1	subtrain	4
#F8766D	0	487	1	subtrain	4
#F8766D	0	488	1	subtrain	4
#F8766D	0	489	1	subtrain	4
#F8766D	0	490	1	subtrain	4
#F8766D	0	491	1	subtrain	4
#F8766D	0	492	1	subtrain	4
#F8766D	0	493	1	subtrain	4
#F8766D	0	494	1	subtrain	4
#F8766D	0	495	1	subtrain	4
#F8766D	0	496	1	subtrain	4
#F8766D	0	497	1	subtrain	4
#F8766D	0	498	1	subtrain	4
#F8766D	0	499	1	subtrain	4
#F8766D	0	500	1	subtrain	4
#F8766D	0	501	1	subtrain	4
#F8766D	0	502	1	subtrain	4
#F8766D	0	503	1	subtrain	4
#F8766D	0	504	1	subtrain	4
#F8766D	0	505	1	subtrain	4
#F8766D	0	506	1	subtrain	4
#F8766D	0	507	1	subtrain	4
#F8766D	0	508	1	subtrain	4
#F8766D	0	509	1	subtrain	4
#F8766D	0	510	1	subtrain	4
#F8766D	0	511	1	subtrain	4
#F8766D	0	512	1	subtrain	4
#F8766D	0	513	1	subtrain	4
#F8766D	0	514	1	subtrain	4
#F8766D	0	515	1	subtrain	4
#F8766D	0	516	1	subtrain	4
#F8766D	0	517	1	subtrain	4
#F8766D	0	518	1	subtrain	4
#F8766D	0	519	1	subtrain	4
#F8766D	0	520	1	subtrain	4
#F8766D	0	521	1	subtrain	4
#F8766D	0	522	1	subtrain	4
#F8766D	0	523	1	subtrain	4
#F8766D	0	524	1	subtrain	4
#F8766D	0	525	1	subtrain	4
#F8766D	0	526	1	subtrain	4
#F8766D	0	527	1	subtrain	4
#F8766D	0	528	1	subtrain	4
#F8766D	0	529	1	subtrain	4
#F8766D	0	530	1	subtrain	4
#F8766D	0	531	1	subtrain	4
#F8766D	0	532	1	subtrain	4
#F8766D	0	533	1	subtrain	4
#F8766D	0	534	1	subtrain	4
#F8766D	0	535	1	subtrain	4
#F8766D	0	536	1	subtrain	4
#F8766D	0	537	1	subtrain	4
#F8766D	0	538	1	subtrain	4
#F8766D	0	539	1	subtrain	4
#F8766D	0	540	1	subtrain	4
#F8766D	0	541	1	subtrain	4
#F8766D	0	542	1	subtrain	4
#F8766D	0	543	1	subtrain	4
#F8766D	0	544	1	subtrain	4
#F8766D	0	545	1	subtrain	4
#F8766D	0	546	1	subtrain	4
#F8766D	0	547	1	subtrain	4
#F8766D	0	548	1	subtrain	4
#F8766D	0	549	1	subtrain	4
#F8766D	0	550	1	subtrain	4
#F8766D	0	551	1	subtrain	4
#F8766D	0	552	1	subtrain	4
#F8766D	0	553	1	subtrain	4
#F8766D	0	554	1	subtrain	4
#F8766D	0	555	1	subtrain	4
#F8766D	0	556	1	subtrain	4
#F8766D	0	557	1	subtrain	4
#F8766D	0	558	1	subtrain	4
#F8766D	0	559	1	subtrain	4
#F8766D	0	560	1	subtrain	4
#F8766D	0	561	1	subtrain	4
#F8766D	0	562	1	subtrain	4
#F8766D	0	563	1	subtrain	4
#F8766D	0	564	1	subtrain	4
#F8766D	0	565	1	subtrain	4
#F8766D	0	566	1	subtrain	4
#F8766D	0	567	1	subtrain	4
#F8766D	0	568	1	subtrain	4
#F8766D	0	569	1	subtrain	4
#F8766D	0	570	1	subtrain	4
#F8766D	0	571	1	subtrain	4
#F8766D	0	572	1	subtrain	4
#F8766D	0	573	1	subtrain	4
#F8766D	0	574	1	subtrain	4
#F8766D	0	575	1	subtrain	4
#F8766D	0	576	1	subtrain	4
#F8766D	0	577	1	subtrain	4
#F8766D	0	578	1	subtrain	4
#F8766D	0	579	1	subtrain	4
#F8766D	0	580	1	subtrain	4
#F8766D	0	581	1	subtrain	4
#F8766D	0	582	1	subtrain	4
#F8766D	0	583	1	subtrain	4
#F8766D	0	584	1	subtrain	4
#F8766D	0	585	1	subtrain	4
#F8766D	0	586	1	subtrain	4
#F8766D	0	587	1	subtrain	4
#F8766D	0	588	1	subtrain	4
#F8766D	0	589	1	subtrain	4
#F8766D	0	590	1	subtrain	4
#F8766D	0	591	1	subtrain	4
#F8766D	0	592	1	subtrain	4
#F8766D	0	593	1	subtrain	4
#F8766D	0	594	1	subtrain	4
#F8766D	0	595	1	subtrain	4
#F8766D	0	596	1	subtrain	4
#F8766D	0	597	1	subtrain	4
#F8766D	0	598	1	subtrain	4
#F8766D	0	599	1	subtrain	4
#F8766D	0	600	1	subtrain	4
#F8766D	0	601	1	subtrain	4
#F8766D	0	602	1	subtrain	4
#F8766D	0	603	1	subtrain	4
#F8766D	0	604	1	subtrain	4
#F8766D	0	605	1	subtrain	4
#F8766D	0	606	1	subtrain	4
#F8766D	0	607	1	subtrain	4
#F8766D	0	608	1	subtrain	4
#F8766D	0	609	1	subtrain	4
#F8766D	0	610	1	subtrain	4
#F8766D	0	611	1	subtrain	4
#F8766D	0	612	1	subtrain	4
#F8766D	0	613	1	subtrain	4
#F8766D	0	614	1	subtrain	4
#F8766D	0	615	1	subtrain	4
#F8766D	0	616	1	subtrain	4
#F8766D	0	617	1	subtrain	4
#F8766D	0	618	1	subtrain	4
#F8766D	0	619	1	subtrain	4
#F8766D	0	620	1	subtrain	4
#F8766D	0	621	1	subtrain	4
#F8766D	0	622	1	subtrain	4
#F8766D	0	623	1	subtrain	4
#F8766D	0	624	1	subtrain	4
#F8766D	0	625	1	subtrain	4
#F8766D	0	626	1	subtrain	4
#F8766D	0	627	1	subtrain	4
#F8766D	0	628	1	subtrain	4
#F8766D	0	629	1	subtrain	4
#F8766D	0	630	1	subtrain	4
#F8766D	0	631	1	subtrain	4
#F8766D	0	632	1	subtrain	4
#F8766D	0	633	1	subtrain	4
#F8766D	0	634	1	subtrain	4
#F8766D	0	635	1	subtrain	4
#F8766D	0	636	1	subtrain	4
#F8766D	0	637	1	subtrain	4
#F8766D	0	638	1	subtrain	4
#F8766D	0	639	1	subtrain	4
#F8766D	0	640	1	subtrain	4
#F8766D	0	641	1	subtrain	4
#F8766D	0	642	1	subtrain	4
#F8766D	0	643	1	subtrain	4
#F8766D	0	644	1	subtrain	4
#F8766D	0	645	1	subtrain	4
#F8766D	0	646	1	subtrain	4
#F8766D	0	647	1	subtrain	4
#F8766D	0	648	1	subtrain	4
#F8766D	0	649	1	subtrain	4
#F8766D	0	650	1	subtrain	4
#F8766D	0	651	1	subtrain	4
#F8766D	0	652	1	subtrain	4
#F8766D	0	653	1	subtrain	4
#F8766D	0	654	1	subtrain	4
#F8766D	0	655	1	subtrain	4
#F8766D	0	656	1	subtrain	4
#F8766D	0	657	1	subtrain	4
#F8766D	0	658	1	subtrain	4
#F8766D	0	659	1	subtrain	4
#F8766D	0	660	1	subtrain	4
#F8766D	0	661	1	subtrain	4
#F8766D	0	662	1	subtrain	4
#F8766D	0	663	1	subtrain	4
#F8766D	0	664	1	subtrain	4
#F8766D	0	665	1	subtrain	4
#F8766D	0	666	1	subtrain	4
#F8766D	0	667	1	subtrain	4
#F8766D	0	668	1	subtrain	4
#F8766D	0	669	1	subtrain	4
#F8766D	0	670	1	subtrain	4
#F8766D	0	671	1	subtrain	4
#F8766D	0	672	1	subtrain	4
#F8766D	0	673	1	subtrain	4
#F8766D	0	674	1	subtrain	4
#F8766D	0	675	1	subtrain	4
#F8766D	0	676	1	subtrain	4
#F8766D	0	677	1	subtrain	4
#F8766D	0	678	1	subtrain	4
#F8766D	0	679	1	subtrain	4
#F8766D	0	680	1	subtrain	4
#F8766D	0	681	1	subtrain	4
#F8766D	0	682	1	subtrain	4
#F8766D	0	683	1	subtrain	4
#F8766D	0	684	1	subtrain	4
#F8766D	0	685	1	subtrain	4
#F8766D	0	686	1	subtrain	4
#F8766D	0	687	1	subtrain	4
#F8766D	0	688	1	subtrain	4
#F8766D	0	689	1	subtrain	4
#F8766D	0	690	1	subtrain	4
#F8766D	0	691	1	subtrain	4
#F8766D	0	692	1	subtrain	4
#F8766D	0	693	1	subtrain	4
#F8766D	0	694	1	subtrain	4
#F8766D	0	695	1	subtrain	4
#F8766D	0	696	1	subtrain	4
#F8766D	0	697	1	subtrain	4
#F8766D	0	698	1	subtrain	4
#F8766D	0	699	1	subtrain	4
#F8766D	0	700	1	subtrain	4
#F8766D	0	701	1	subtrain	4
#F8766D	0	702	1	subtrain	4
#F8766D	0	703	1	subtrain	4
#F8766D	0	704	1	subtrain	4
#F8766D	0	705	1	subtrain	4
#F8766D	0	706	1	subtrain	4
#F8766D	0	707	1	subtrain	4
#F8766D	0	708	1	subtrain	4
#F8766D	0	709	1	subtrain	4
#F8766D	0	710	1	subtrain	4
#F8766D	0	711	1	subtrain	4
#F8766D	0	712	1	subtrain	4
#F8766D	0	713	1	subtrain	4
#F8766D	0	714	1	subtrain	4
#F8766D	0	715	1	subtrain	4
#F8766D	0	716	1	subtrain	4
#F8766D	0	717	1	subtrain	4
#F8766D	0	718	1	subtrain	4
#F8766D	0	719	1	subtrain	4
#F8766D	0	720	1	subtrain	4
#F8766D	0	721	1	subtrain	4
#F8766D	0	722	1	subtrain	4
#F8766D	0	723	1	subtrain	4
#F8766D	0	724	1	subtrain	4
#F8766D	0	725	1	subtrain	4
#F8766D	0	726	1	subtrain	4
#F8766D	0	727	1	subtrain	4
#F8766D	0	728	1	subtrain	4
#F8766D	0	729	1	subtrain	4
#F8766D	0	730	1	subtrain	4
#F8766D	0	731	1	subtrain	4
#F8766D	0	732	1	subtrain	4
#F8766D	0	733	1	subtrain	4
#F8766D	0	734	1	subtrain	4
#F8766D	0	735	1	subtrain	4
#F8766D	0	736	1	subtrain	4
#F8766D	0	737	1	subtrain	4
#F8766D	0	738	1	subtrain	4
#F8766D	0	739	1	subtrain	4
#F8766D	0	740	1	subtrain	4
#F8766D	0	741	1	subtrain	4
#F8766D	0	742	1	subtrain	4
#F8766D	0	743	1	subtrain	4
#F8766D	0	744	1	subtrain	4
#F8766D	0	745	1	subtrain	4
#F8766D	0	746	1	subtrain	4
#F8766D	0	747	1	subtrain	4
#F8766D	0	748	1	subtrain	4
#F8766D	0	749	1	subtrain	4
#F8766D	0	750	1	subtrain	4
#F8766D	0	751	1	subtrain	4
#F8766D	0	752	1	subtrain	4
#F8766D	0	753	1	subtrain	4
#F8766D	0	754	1	subtrain	4
#F8766D	0	755	1	subtrain	4
#F8766D	0	756	1	subtrain	4
#F8766D	0	757	1	subtrain	4
#F8766D	0	758	1	subtrain	4
#F8766D	0	759	1	subtrain	4
#F8766D	0	760	1	subtrain	4
#F8766D	0	761	1	subtrain	4
#F8766D	0	762	1	subtrain	4
#F8766D	0	763	1	subtrain	4
#F8766D	0	764	1	subtrain	4
#F8766D	0	765	1	subtrain	4
#F8766D	0	766	1	subtrain	4
#F8766D	0	767	1	subtrain	4
#F8766D	0	768	1	subtrain	4
#F8766D	0	769	1	subtrain	4
#F8766D	0	770	1	subtrain	4
#F8766D	0	771	1	subtrain	4
#F8766D	0	772	1	subtrain	4
#F8766D	0	773	1	subtrain	4
#F8766D	0	774	1	subtrain	4
#F8766D	0	775	1	subtrain	4
#F8766D	0	776	1	subtrain	4
#F8766D	0	777	1	subtrain	4
#F8766D	0	778	1	subtrain	4
#F8766D	0	779	1	subtrain	4
#F8766D	0	780	1	subtrain	4
#F8766D	0	781	1	subtrain	4
#F8766D	0	782	1	subtrain	4
#F8766D	0	783	1	subtrain	4
#F8766D	0	784	1	subtrain	4
#F8766D	0	785	1	subtrain	4
#F8766D	0	786	1	subtrain	4
#F8766D	0	787	1	subtrain	4
#F8766D	0	788	1	subtrain	4
#F8766D	0	789	1	subtrain	4
#F8766D	0	790	1	subtrain	4
#F8766D	0	791	1	subtrain	4
#F8766D	0	792	1	subtrain	4
#F8766D	0	793	1	subtrain	4
#F8766D	0	794	1	subtrain	4
#F8766D	0	795	1	subtrain	4
#F8766D	0	796	1	subtrain	4
#F8766D	0	797	1	subtrain	4
#F8766D	0	798	1	subtrain	4
#F8766D	0	799	1	subtrain	4
#F8766D	0	800	1	subtrain	4
#F8766D	0	801	1	subtrain	4
#F8766D	0	802	1	subtrain	4
#F8766D	0	803	1	subtrain	4
#F8766D	0	804	1	subtrain	4
#F8766D	0	805	1	subtrain	4
#F8766D	0	806	1	subtrain	4
#F8766D	0	807	1	subtrain	4
#F8766D	0	808	1	subtrain	4
#F8766D	0	809	1	subtrain	4
#F8766D	0	810	1	subtrain	4
#F8766D	0	811	1	subtrain	4
#F8766D	0	812	1	subtrain	4
#F8766D	0	813	1	subtrain	4
#F8766D	0	814	1	subtrain	4
#F8766D	0	815	1	subtrain	4
#F8766D	0	816	1	subtrain	4
#F8766D	0	817	1	subtrain	4
#F8766D	0	818	1	subtrain	4
#F8766D	0	819	1	subtrain	4
#F8766D	0	820	1	subtrain	4
#F8766D	0	821	1	subtrain	4
#F8766D	0	822	1	subtrain	4
#F8766D	0	823	1	subtrain	4
#F8766D	0	824	1	subtrain	4
#F8766D	0	825	1	subtrain	4
#F8766D	0	826	1	subtrain	4
#F8766D	0	827	1	subtrain	4
#F8766D	0	828	1	subtrain	4
#F8766D	0	829	1	subtrain	4
#F8766D	0	830	1	subtrain	4
#F8766D	0	831	1	subtrain	4
#F8766D	0	832	1	subtrain	4
#F8766D	0	833	1	subtrain	4
#F8766D	0	834	1	subtrain	4
#F8766D	0	835	1	subtrain	4
#F8766D	0	836	1	subtrain	4
#F8766D	0	837	1	subtrain	4
#F8766D	0	838	1	subtrain	4
#F8766D	0	839	1	subtrain	4
#F8766D	0	840	1	subtrain	4
#F8766D	0	841	1	subtrain	4
#F8766D	0	842	1	subtrain	4
#F8766D	0	843	1	subtrain	4
#F8766D	0	844	1	subtrain	4
#F8766D	0	845	1	subtrain	4
#F8766D	0	846	1	subtrain	4
#F8766D	0	847	1	subtrain	4
#F8766D	0	848	1	subtrain	4
#F8766D	0	849	1	subtrain	4
#F8766D	0	850	1	subtrain	4
#F8766D	0	851	1	subtrain	4
#F8766D	0	852	1	subtrain	4
#F8766D	0	853	1	subtrain	4
#F8766D	0	854	1	subtrain	4
#F8766D	0	855	1	subtrain	4
#F8766D	0	856	1	subtrain	4
#F8766D	0	857	1	subtrain	4
#F8766D	0	858	1	subtrain	4
#F8766D	0	859	1	subtrain	4
#F8766D	0	860	1	subtrain	4
#F8766D	0	861	1	subtrain	4
#F8766D	0	862	1	subtrain	4
#F8766D	0	863	1	subtrain	4
#F8766D	0	864	1	subtrain	4
#F8766D	0	865	1	subtrain	4
#F8766D	0	866	1	subtrain	4
#F8766D	0	867	1	subtrain	4
#F8766D	0	868	1	subtrain	4
#F8766D	0	869	1	subtrain	4
#F8766D	0	870	1	subtrain	4
#F8766D	0	871	1	subtrain	4
#F8766D	0	872	1	subtrain	4
#F8766D	0	873	1	subtrain	4
#F8766D	0	874	1	subtrain	4
#F8766D	0	875	1	subtrain	4
#F8766D	0	876	1	subtrain	4
#F8766D	0	877	1	subtrain	4
#F8766D	0	878	1	subtrain	4
#F8766D	0	879	1	subtrain	4
#F8766D	0	880	1	subtrain	4
#F8766D	0	881	1	subtrain	4
#F8766D	0	882	1	subtrain	4
#F8766D	0	883	1	subtrain	4
#F8766D	0	884	1	subtrain	4
#F8766D	0	885	1	subtrain	4
#F8766D	0	886	1	subtrain	4
#F8766D	0	887	1	subtrain	4
#F8766D	0	888	1	subtrain	4
#F8766D	0	889	1	subtrain	4
#F8766D	0	890	1	subtrain	4
#F8766D	0	891	1	subtrain	4
#F8766D	0	892	1	subtrain	4
#F8766D	0	893	1	subtrain	4
#F8766D	0	894	1	subtrain	4
#F8766D	0	895	1	subtrain	4
#F8766D	0	896	1	subtrain	4
#F8766D	0	897	1	subtrain	4
#F8766D	0	898	1	subtrain	4
#F8766D	0	899	1	subtrain	4
#F8766D	0	900	1	subtrain	4
#F8766D	0	901	1	subtrain	4
#F8766D	0	902	1	subtrain	4
#F8766D	0	903	1	subtrain	4
#F8766D	0	904	1	subtrain	4
#F8766D	0	905	1	subtrain	4
#F8766D	0	906	1	subtrain	4
#F8766D	0	907	1	subtrain	4
#F8766D	0	908	1	subtrain	4
#F8766D	0	909	1	subtrain	4
#F8766D	0	910	1	subtrain	4
#F8766D	0	911	1	subtrain	4
#F8766D	0	912	1	subtrain	4
#F8766D	0	913	1	subtrain	4
#F8766D	0	914	1	subtrain	4
#F8766D	0	915	1	subtrain	4
#F8766D	0	916	1	subtrain	4
#F8766D	0	917	1	subtrain	4
#F8766D	0	918	1	subtrain	4
#F8766D	0	919	1	subtrain	4
#F8766D	0	920	1	subtrain	4
#F8766D	0	921	1	subtrain	4
#F8766D	0	922	1	subtrain	4
#F8766D	0	923	1	subtrain	4
#F8766D	0	924	1	subtrain	4
#F8766D	0	925	1	subtrain	4
#F8766D	0	926	1	subtrain	4
#F8766D	0	927	1	subtrain	4
#F8766D	0	928	1	subtrain	4
#F8766D	0	929	1	subtrain	4
#F8766D	0	930	1	subtrain	4
#F8766D	0	931	1	subtrain	4
#F8766D	0	932	1	subtrain	4
#F8766D	0	933	1	subtrain	4
#F8766D	0	934	1	subtrain	4
#F8766D	0	935	1	subtrain	4
#F8766D	0	936	1	subtrain	4
#F8766D	0	937	1	subtrain	4
#F8766D	0	938	1	subtrain	4
#F8766D	0	939	1	subtrain	4
#F8766D	0	940	1	subtrain	4
#F8766D	0	941	1	subtrain	4
#F8766D	0	942	1	subtrain	4
#F8766D	0	943	1	subtrain	4
#F8766D	0	944	1	subtrain	4
#F8766D	0	945	1	subtrain	4
#F8766D	0	946	1	subtrain	4
#F8766D	0	947	1	subtrain	4
#F8766D	0	948	1	subtrain	4
#F8766D	0	949	1	subtrain	4
#F8766D	0	950	1	subtrain	4
#F8766D	0	951	1	subtrain	4
#F8766D	0	952	1	subtrain	4
#F8766D	0	953	1	subtrain	4
#F8766D	0	954	1	subtrain	4
#F8766D	0	955	1	subtrain	4
#F8766D	0	956	1	subtrain	4
#F8766D	0	957	1	subtrain	4
#F8766D	0	958	1	subtrain	4
#F8766D	0	959	1	subtrain	4
#F8766D	0	960	1	subtrain	4
#F8766D	0	961	1	subtrain	4
#F8766D	0	962	1	subtrain	4
#F8766D	0	963	1	subtrain	4
#F8766D	0	964	1	subtrain	4
#F8766D	0	965	1	subtrain	4
#F8766D	0	966	1	subtrain	4
#F8766D	0	967	1	subtrain	4
#F8766D	0	968	1	subtrain	4
#F8766D	0	969	1	subtrain	4
#F8766D	0	970	1	subtrain	4
#F8766D	0	971	1	subtrain	4
#F8766D	0	972	1	subtrain	4
#F8766D	0	973	1	subtrain	4
#F8766D	0	974	1	subtrain	4
#F8766D	0	975	1	subtrain	4
#F8766D	0	976	1	subtrain	4
#F8766D	0	977	1	subtrain	4
#F8766D	0	978	1	subtrain	4
#F8766D	0	979	1	subtrain	4
#F8766D	0	980	1	subtrain	4
#F8766D	0	981	1	subtrain	4
#F8766D	0	982	1	subtrain	4
#F8766D	0	983	1	subtrain	4
#F8766D	0	984	1	subtrain	4
#F8766D	0	985	1	subtrain	4
#F8766D	0	986	1	subtrain	4
#F8766D	0	987	1	subtrain	4
#F8766D	0	988	1	subtrain	4
#F8766D	0	989	1	subtrain	4
#F8766D	0	990	1	subtrain	4
#F8766D	0	991	1	subtrain	4
#F8766D	0	992	1	subtrain	4
#F8766D	0	993	1	subtrain	4
#F8766D	0	994	1	subtrain	4
#F8766D	0	995	1	subtrain	4
#F8766D	0	996	1	subtrain	4
#F8766D	0	997	1	subtrain	4
#F8766D	0	998	1	subtrain	4
#F8766D	0	999	1	subtrain	4
#F8766D	0	1000	1	subtrain	4
#00BFC4	64	1	2	validation	4
#00BFC4	32	2	2	validation	4
#00BFC4	72	3	2	validation	4
#00BFC4	28	4	2	validation	4
#00BFC4	78	5	2	validation	4
#00BFC4	28	6	2	validation	4
#00BFC4	44	7	2	validation	4
#00BFC4	28	8	2	validation	4
#00BFC4	56	9	2	validation	4
#00BFC4	28	10	2	validation	4
#00BFC4	30	11	2	validation	4
#00BFC4	28	12	2	validation	4
#00BFC4	32	13	2	validation	4
#00BFC4	28	14	2	validation	4
#00BFC4	30	15	2	validation	4
#00BFC4	28	16	2	validation	4
#00BFC4	26	17	2	validation	4
#00BFC4	28	18	2	validation	4
#00BFC4	22	19	2	validation	4
#00BFC4	26	20	2	validation	4
#00BFC4	20	21	2	validation	4
#00BFC4	20	22	2	validation	4
#00BFC4	18	23	2	validation	4
#00BFC4	18	24	2	validation	4
#00BFC4	18	25	2	validation	4
#00BFC4	12	26	2	validation	4
#00BFC4	18	27	2	validation	4
#00BFC4	12	28	2	validation	4
#00BFC4	16	29	2	validation	4
#00BFC4	8	30	2	validation	4
#00BFC4	16	31	2	validation	4
#00BFC4	8	32	2	validation	4
#00BFC4	12	33	2	validation	4
#00BFC4	6	34	2	validation	4
#00BFC4	12	35	2	validation	4
#00BFC4	6	36	2	validation	4
#00BFC4	12	37	2	validation	4
#00BFC4	10	38	2	validation	4
#00BFC4	12	39	2	validation	4
#00BFC4	10	40	2	validation	4
#00BFC4	12	41	2	validation	4
#00BFC4	10	42	2	validation	4
#00BFC4	12	43	2	validation	4
#00BFC4	8	44	2	validation	4
#00BFC4	12	45	2	validation	4
#00BFC4	8	46	2	validation	4
#00BFC4	12	47	2	validation	4
#00BFC4	10	48	2	validation	4
#00BFC4	12	49	2	validation	4
#00BFC4	10	50	2	validation	4
#00BFC4	12	51	2	validation	4
#00BFC4	10	52	2	validation	4
#00BFC4	12	53	2	validation	4
#00BFC4	10	54	2	validation	4
#00BFC4	10	55	2	validation	4
#00BFC4	10	56	2	validation	4
#00BFC4	10	57	2	validation	4
#00BFC4	10	58	2	validation	4
#00BFC4	10	59	2	validation	4
#00BFC4	10	60	2	validation	4
#00BFC4	10	61	2	validation	4
#00BFC4	10	62	2	validation	4
#00BFC4	10	63	2	validation	4
#00BFC4	10	64	2	validation	4
#00BFC4	10	65	2	validation	4
#00BFC4	10	66	2	validation	4
#00BFC4	10	67	2	validation	4
#00BFC4	10	68	2	validation	4
#00BFC4	10	69	2	validation	4
#00BFC4	10	70	2	validation	4
#00BFC4	10	71	2	validation	4
#00BFC4	10	72	2	validation	4
#00BFC4	10	73	2	validation	4
#00BFC4	10	74	2	validation	4
#00BFC4	10	75	2	validation	4
#00BFC4	10	76	2	validation	4
#00BFC4	10	77	2	validation	4
#00BFC4	10	78	2	validation	4
#00BFC4	10	79	2	validation	4
#00BFC4	10	80	2	validation	4
#00BFC4	10	81	2	validation	4
#00BFC4	10	82	2	validation	4
#00BFC4	10	83	2	validation	4
#00BFC4	10	84	2	validation	4
#00BFC4	10	85	2	validation	4
#00BFC4	10	86	2	validation	4
#00BFC4	10	87	2	validation	4
#00BFC4	10	88	2	validation	4
#00BFC4	10	89	2	validation	4
#00BFC4	10	90	2	validation	4
#00BFC4	10	91	2	validation	4
#00BFC4	10	92	2	validation	4
#00BFC4	10	93	2	validation	4
#00BFC4	10	94	2	validation	4
#00BFC4	10	95	2	validation	4
#00BFC4	10	96	2	validation	4
#00BFC4	10	97	2	validation	4
#00BFC4	10	98	2	validation	4
#00BFC4	10	99	2	validation	4
#00BFC4	10	100	2	validation	4
#00BFC4	10	101	2	validation	4
#00BFC4	10	102	2	validation	4
#00BFC4	10	103	2	validation	4
#00BFC4	10	104	2	validation	4
#00BFC4	10	105	2	validation	4
#00BFC4	10	106	2	validation	4
#00BFC4	10	107	2	validation	4
#00BFC4	10	108	2	validation	4
#00BFC4	10	109	2	validation	4
#00BFC4	10	110	2	validation	4
#00BFC4	10	111	2	validation	4
#00BFC4	10	112	2	validation	4
#00BFC4	10	113	2	validation	4
#00BFC4	10	114	2	validation	4
#00BFC4	10	115	2	validation	4
#00BFC4	10	116	2	validation	4
#00BFC4	10	117	2	validation	4
#00BFC4	10	118	2	validation	4
#00BFC4	10	119	2	validation	4
#00BFC4	10	120	2	validation	4
#00BFC4	10	121	2	validation	4
#00BFC4	10	122	2	validation	4
#00BFC4	10	123	2	validation	4
#00BFC4	10	124	2	validation	4
#00BFC4	10	125	2	validation	4
#00BFC4	10	126	2	validation	4
#00BFC4	10	127	2	validation	4
#00BFC4	10	128	2	validation	4
#00BFC4	10	129	2	validation	4
#00BFC4	10	130	2	validation	4
#00BFC4	12	131	2	validation	4
#00BFC4	10	132	2	validation	4
#00BFC4	12	133	2	validation	4
#00BFC4	10	134	2	validation	4
#00BFC4	12	135	2	validation	4
#00BFC4	10	136	2	validation	4
#00BFC4	12	137	2	validation	4
#00BFC4	10	138	2	validation	4
#00BFC4	12	139	2	validation	4
#00BFC4	10	140	2	validation	4
#00BFC4	12	141	2	validation	4
#00BFC4	10	142	2	validation	4
#00BFC4	12	143	2	validation	4
#00BFC4	12	144	2	validation	4
#00BFC4	12	145	2	validation	4
#00BFC4	12	146	2	validation	4
#00BFC4	12	147	2	validation	4
#00BFC4	12	148	2	validation	4
#00BFC4	12	149	2	validation	4
#00BFC4	12	150	2	validation	4
#00BFC4	12	151	2	validation	4
#00BFC4	12	152	2	validation	4
#00BFC4	12	153	2	validation	4
#00BFC4	12	154	2	validation	4
#00BFC4	12	155	2	validation	4
#00BFC4	12	156	2	validation	4
#00BFC4	12	157	2	validation	4
#00BFC4	12	158	2	validation	4
#00BFC4	12	159	2	validation	4
#00BFC4	12	160	2	validation	4
#00BFC4	12	161	2	validation	4
#00BFC4	12	162	2	validation	4
#00BFC4	12	163	2	validation	4
#00BFC4	12	164	2	validation	4
#00BFC4	12	165	2	validation	4
#00BFC4	12	166	2	validation	4
#00BFC4	12	167	2	validation	4
#00BFC4	12	168	2	validation	4
#00BFC4	12	169	2	validation	4
#00BFC4	12	170	2	validation	4
#00BFC4	12	171	2	validation	4
#00BFC4	12	172	2	validation	4
#00BFC4	12	173	2	validation	4
#00BFC4	12	174	2	validation	4
#00BFC4	12	175	2	validation	4
#00BFC4	12	176	2	validation	4
#00BFC4	12	177	2	validation	4
#00BFC4	12	178	2	validation	4
#00BFC4	12	179	2	validation	4
#00BFC4	12	180	2	validation	4
#00BFC4	12	181	2	validation	4
#00BFC4	12	182	2	validation	4
#00BFC4	12	183	2	validation	4
#00BFC4	12	184	2	validation	4
#00BFC4	12	185	2	validation	4
#00BFC4	12	186	2	validation	4
#00BFC4	12	187	2	validation	4
#00BFC4	12	188	2	validation	4
#00BFC4	12	189	2	validation	4
#00BFC4	12	190	2	validation	4
#00BFC4	12	191	2	validation	4
#00BFC4	12	192	2	validation	4
#00BFC4	12	193	2	validation	4
#00BFC4	12	194	2	validation	4
#00BFC4	12	195	2	validation	4
#00BFC4	12	196	2	validation	4
#00BFC4	12	197	2	validation	4
#00BFC4	12	198	2	validation	4
#00BFC4	12	199	2	validation	4
#00BFC4	12	200	2	validation	4
#00BFC4	12	201	2	validation	4
#00BFC4	12	202	2	validation	4
#00BFC4	12	203	2	validation	4
#00BFC4	12	204	2	validation	4
#00BFC4	12	205	2	validation	4
#00BFC4	12	206	2	validation	4
#00BFC4	12	207	2	validation	4
#00BFC4	12	208	2	validation	4
#00BFC4	12	209	2	validation	4
#00BFC4	12	210	2	validation	4
#00BFC4	12	211	2	validation	4
#00BFC4	12	212	2	validation	4
#00BFC4	12	213	2	validation	4
#00BFC4	12	214	2	validation	4
#00BFC4	12	215	2	validation	4
#00BFC4	12	216	2	validation	4
#00BFC4	12	217	2	validation	4
#00BFC4	12	218	2	validation	4
#00BFC4	12	219	2	validation	4
#00BFC4	12	220	2	validation	4
#00BFC4	12	221	2	validation	4
#00BFC4	12	222	2	validation	4
#00BFC4	12	223	2	validation	4
#00BFC4	12	224	2	validation	4
#00BFC4	12	225	2	validation	4
#00BFC4	12	226	2	validation	4
#00BFC4	12	227	2	validation	4
#00BFC4	12	228	2	validation	4
#00BFC4	12	229	2	validation	4
#00BFC4	12	230	2	validation	4
#00BFC4	12	231	2	validation	4
#00BFC4	12	232	2	validation	4
#00BFC4	12	233	2	validation	4
#00BFC4	12	234	2	validation	4
#00BFC4	12	235	2	validation	4
#00BFC4	12	236	2	validation	4
#00BFC4	12	237	2	validation	4
#00BFC4	12	238	2	validation	4
#00BFC4	12	239	2	validation	4
#00BFC4	12	240	2	validation	4
#00BFC4	12	241	2	validation	4
#00BFC4	12	242	2	validation	4
#00BFC4	12	243	2	validation	4
#00BFC4	12	244	2	validation	4
#00BFC4	12	245	2	validation	4
#00BFC4	12	246	2	validation	4
#00BFC4	12	247	2	validation	4
#00BFC4	12	248	2	validation	4
#00BFC4	12	249	2	validation	4
#00BFC4	12	250	2	validation	4
#00BFC4	12	251	2	validation	4
#00BFC4	12	252	2	validation	4
#00BFC4	12	253	2	validation	4
#00BFC4	12	254	2	validation	4
#00BFC4	12	255	2	validation	4
#00BFC4	12	256	2	validation	4
#00BFC4	12	257	2	validation	4
#00BFC4	12	258	2	validation	4
#00BFC4	12	259	2	validation	4
#00BFC4	12	260	2	validation	4
#00BFC4	12	261	2	validation	4
#00BFC4	12	262	2	validation	4
#00BFC4	12	263	2	validation	4
#00BFC4	12	264	2	validation	4
#00BFC4	12	265	2	validation	4
#00BFC4	12	266	2	validation	4
#00BFC4	12	267	2	validation	4
#00BFC4	12	268	2	validation	4
#00BFC4	12	269	2	validation	4
#00BFC4	12	270	2	validation	4
#00BFC4	12	271	2	validation	4
#00BFC4	12	272	2	validation	4
#00BFC4	12	273	2	validation	4
#00BFC4	12	274	2	validation	4
#00BFC4	12	275	2	validation	4
#00BFC4	12	276	2	validation	4
#00BFC4	12	277	2	validation	4
#00BFC4	12	278	2	validation	4
#00BFC4	12	279	2	validation	4
#00BFC4	12	280	2	validation	4
#00BFC4	12	281	2	validation	4
#00BFC4	12	282	2	validation	4
#00BFC4	12	283	2	validation	4
#00BFC4	12	284	2	validation	4
#00BFC4	12	285	2	validation	4
#00BFC4	12	286	2	validation	4
#00BFC4	12	287	2	validation	4
#00BFC4	12	288	2	validation	4
#00BFC4	12	289	2	validation	4
#00BFC4	12	290	2	validation	4
#00BFC4	12	291	2	validation	4
#00BFC4	12	292	2	validation	4
#00BFC4	12	293	2	validation	4
#00BFC4	12	294	2	validation	4
#00BFC4	12	295	2	validation	4
#00BFC4	12	296	2	validation	4
#00BFC4	12	297	2	validation	4
#00BFC4	12	298	2	validation	4
#00BFC4	12	299	2	validation	4
#00BFC4	12	300	2	validation	4
#00BFC4	12	301	2	validation	4
#00BFC4	12	302	2	validation	4
#00BFC4	12	303	2	validation	4
#00BFC4	12	304	2	validation	4
#00BFC4	12	305	2	validation	4
#00BFC4	12	306	2	validation	4
#00BFC4	12	307	2	validation	4
#00BFC4	12	308	2	validation	4
#00BFC4	12	309	2	validation	4
#00BFC4	12	310	2	validation	4
#00BFC4	12	311	2	validation	4
#00BFC4	12	312	2	validation	4
#00BFC4	12	313	2	validation	4
#00BFC4	12	314	2	validation	4
#00BFC4	12	315	2	validation	4
#00BFC4	12	316	2	validation	4
#00BFC4	12	317	2	validation	4
#00BFC4	12	318	2	validation	4
#00BFC4	12	319	2	validation	4
#00BFC4	12	320	2	validation	4
#00BFC4	12	321	2	validation	4
#00BFC4	12	322	2	validation	4
#00BFC4	12	323	2	validation	4
#00BFC4	12	324	2	validation	4
#00BFC4	12	325	2	validation	4
#00BFC4	12	326	2	validation	4
#00BFC4	12	327	2	validation	4
#00BFC4	12	328	2	validation	4
#00BFC4	12	329	2	validation	4
#00BFC4	12	330	2	validation	4
#00BFC4	12	331	2	validation	4
#00BFC4	12	332	2	validation	4
#00BFC4	12	333	2	validation	4
#00BFC4	12	334	2	validation	4
#00BFC4	12	335	2	validation	4
#00BFC4	12	336	2	validation	4
#00BFC4	12	337	2	validation	4
#00BFC4	12	338	2	validation	4
#00BFC4	12	339	2	validation	4
#00BFC4	12	340	2	validation	4
#00BFC4	12	341	2	validation	4
#00BFC4	12	342	2	validation	4
#00BFC4	12	343	2	validation	4
#00BFC4	12	344	2	validation	4
#00BFC4	12	345	2	validation	4
#00BFC4	12	346	2	validation	4
#00BFC4	12	347	2	validation	4
#00BFC4	12	348	2	validation	4
#00BFC4	12	349	2	validation	4
#00BFC4	12	350	2	validation	4
#00BFC4	12	351	2	validation	4
#00BFC4	12	352	2	validation	4
#00BFC4	12	353	2	validation	4
#00BFC4	12	354	2	validation	4
#00BFC4	12	355	2	validation	4
#00BFC4	12	356	2	validation	4
#00BFC4	12	357	2	validation	4
#00BFC4	12	358	2	validation	4
#00BFC4	12	359	2	validation	4
#00BFC4	12	360	2	validation	4
#00BFC4	12	361	2	validation	4
#00BFC4	12	362	2	validation	4
#00BFC4	12	363	2	validation	4
#00BFC4	12	364	2	validation	4
#00BFC4	12	365	2	validation	4
#00BFC4	12	366	2	validation	4
#00BFC4	12	367	2	validation	4
#00BFC4	12	368	2	validation	4
#00BFC4	12	369	2	validation	4
#00BFC4	12	370	2	validation	4
#00BFC4	12	371	2	validation	4
#00BFC4	12	372	2	validation	4
#00BFC4	12	373	2	validation	4
#00BFC4	12	374	2	validation	4
#00BFC4	12	375	2	validation	4
#00BFC4	12	376	2	validation	4
#00BFC4	12	377	2	validation	4
#00BFC4	12	378	2	validation	4
#00BFC4	12	379	2	validation	4
#00BFC4	12	380	2	validation	4
#00BFC4	12	381	2	validation	4
#00BFC4	12	382	2	validation	4
#00BFC4	12	383	2	validation	4
#00BFC4	12	384	2	validation	4
#00BFC4	12	385	2	validation	4
#00BFC4	12	386	2	validation	4
#00BFC4	12	387	2	validation	4
#00BFC4	12	388	2	validation	4
#00BFC4	12	389	2	validation	4
#00BFC4	12	390	2	validation	4
#00BFC4	12	391	2	validation	4
#00BFC4	12	392	2	validation	4
#00BFC4	12	393	2	validation	4
#00BFC4	12	394	2	validation	4
#00BFC4	12	395	2	validation	4
#00BFC4	12	396	2	validation	4
#00BFC4	12	397	2	validation	4
#00BFC4	12	398	2	validation	4
#00BFC4	12	399	2	validation	4
#00BFC4	12	400	2	validation	4
#00BFC4	12	401	2	validation	4
#00BFC4	12	402	2	validation	4
#00BFC4	12	403	2	validation	4
#00BFC4	12	404	2	validation	4
#00BFC4	12	405	2	validation	4
#00BFC4	12	406	2	validation	4
#00BFC4	12	407	2	validation	4
#00BFC4	12	408	2	validation	4
#00BFC4	12	409	2	validation	4
#00BFC4	12	410	2	validation	4
#00BFC4	12	411	2	validation	4
#00BFC4	12	412	2	validation	4
#00BFC4	12	413	2	validation	4
#00BFC4	12	414	2	validation	4
#00BFC4	12	415	2	validation	4
#00BFC4	12	416	2	validation	4
#00BFC4	12	417	2	validation	4
#00BFC4	12	418	2	validation	4
#00BFC4	12	419	2	validation	4
#00BFC4	12	420	2	validation	4
#00BFC4	12	421	2	validation	4
#00BFC4	12	422	2	validation	4
#00BFC4	12	423	2	validation	4
#00BFC4	12	424	2	validation	4
#00BFC4	12	425	2	validation	4
#00BFC4	12	426	2	validation	4
#00BFC4	12	427	2	validation	4
#00BFC4	12	428	2	validation	4
#00BFC4	12	429	2	validation	4
#00BFC4	12	430	2	validation	4
#00BFC4	12	431	2	validation	4
#00BFC4	12	432	2	validation	4
#00BFC4	12	433	2	validation	4
#00BFC4	12	434	2	validation	4
#00BFC4	12	435	2	validation	4
#00BFC4	12	436	2	validation	4
#00BFC4	12	437	2	validation	4
#00BFC4	12	438	2	validation	4
#00BFC4	12	439	2	validation	4
#00BFC4	12	440	2	validation	4
#00BFC4	12	441	2	validation	4
#00BFC4	12	442	2	validation	4
#00BFC4	12	443	2	validation	4
#00BFC4	12	444	2	validation	4
#00BFC4	12	445	2	validation	4
#00BFC4	12	446	2	validation	4
#00BFC4	12	447	2	validation	4
#00BFC4	12	448	2	validation	4
#00BFC4	12	449	2	validation	4
#00BFC4	12	450	2	validation	4
#00BFC4	12	451	2	validation	4
#00BFC4	12	452	2	validation	4
#00BFC4	12	453	2	validation	4
#00BFC4	12	454	2	validation	4
#00BFC4	12	455	2	validation	4
#00BFC4	12	456	2	validation	4
#00BFC4	12	457	2	validation	4
#00BFC4	12	458	2	validation	4
#00BFC4	12	459	2	validation	4
#00BFC4	12	460	2	validation	4
#00BFC4	12	461	2	validation	4
#00BFC4	12	462	2	validation	4
#00BFC4	12	463	2	validation	4
#00BFC4	12	464	2	validation	4
#00BFC4	12	465	2	validation	4
#00BFC4	12	466	2	validation	4
#00BFC4	12	467	2	validation	4
#00BFC4	12	468	2	validation	4
#00BFC4	12	469	2	validation	4
#00BFC4	12	470	2	validation	4
#00BFC4	12	471	2	validation	4
#00BFC4	12	472	2	validation	4
#00BFC4	12	473	2	validation	4
#00BFC4	12	474	2	validation	4
#00BFC4	12	475	2	validation	4
#00BFC4	12	476	2	validation	4
#00BFC4	12	477	2	validation	4
#00BFC4	12	478	2	validation	4
#00BFC4	12	479	2	validation	4
#00BFC4	12	480	2	validation	4
#00BFC4	12	481	2	validation	4
#00BFC4	12	482	2	validation	4
#00BFC4	12	483	2	validation	4
#00BFC4	12	484	2	validation	4
#00BFC4	12	485	2	validation	4
#00BFC4	12	486	2	validation	4
#00BFC4	12	487	2	validation	4
#00BFC4	12	488	2	validation	4
#00BFC4	12	489	2	validation	4
#00BFC4	12	490	2	validation	4
#00BFC4	12	491	2	validation	4
#00BFC4	12	492	2	validation	4
#00BFC4	12	493	2	validation	4
#00BFC4	12	494	2	validation	4
#00BFC4	12	495	2	validation	4
#00BFC4	12	496	2	validation	4
#00BFC4	12	497	2	validation	4
#00BFC4	12	498	2	validation	4
#00BFC4	12	499	2	validation	4
#00BFC4	12	500	2	validation	4
#00BFC4	12	501	2	validation	4
#00BFC4	12	502	2	validation	4
#00BFC4	12	503	2	validation	4
#00BFC4	12	504	2	validation	4
#00BFC4	12	505	2	validation	4
#00BFC4	12	506	2	validation	4
#00BFC4	12	507	2	validation	4
#00BFC4	12	508	2	validation	4
#00BFC4	12	509	2	validation	4
#00BFC4	12	510	2	validation	4
#00BFC4	12	511	2	validation	4
#00BFC4	12	512	2	validation	4
#00BFC4	12	513	2	validation	4
#00BFC4	12	514	2	validation	4
#00BFC4	12	515	2	validation	4
#00BFC4	12	516	2	validation	4
#00BFC4	12	517	2	validation	4
#00BFC4	12	518	2	validation	4
#00BFC4	12	519	2	validation	4
#00BFC4	12	520	2	validation	4
#00BFC4	12	521	2	validation	4
#00BFC4	12	522	2	validation	4
#00BFC4	12	523	2	validation	4
#00BFC4	12	524	2	validation	4
#00BFC4	12	525	2	validation	4
#00BFC4	12	526	2	validation	4
#00BFC4	12	527	2	validation	4
#00BFC4	12	528	2	validation	4
#00BFC4	12	529	2	validation	4
#00BFC4	12	530	2	validation	4
#00BFC4	12	531	2	validation	4
#00BFC4	12	532	2	validation	4
#00BFC4	12	533	2	validation	4
#00BFC4	12	534	2	validation	4
#00BFC4	12	535	2	validation	4
#00BFC4	12	536	2	validation	4
#00BFC4	12	537	2	validation	4
#00BFC4	10	538	2	validation	4
#00BFC4	12	539	2	validation	4
#00BFC4	12	540	2	validation	4
#00BFC4	12	541	2	validation	4
#00BFC4	12	542	2	validation	4
#00BFC4	12	543	2	validation	4
#00BFC4	10	544	2	validation	4
#00BFC4	10	545	2	validation	4
#00BFC4	10	546	2	validation	4
#00BFC4	10	547	2	validation	4
#00BFC4	12	548	2	validation	4
#00BFC4	10	549	2	validation	4
#00BFC4	10	550	2	validation	4
#00BFC4	10	551	2	validation	4
#00BFC4	10	552	2	validation	4
#00BFC4	10	553	2	validation	4
#00BFC4	10	554	2	validation	4
#00BFC4	10	555	2	validation	4
#00BFC4	10	556	2	validation	4
#00BFC4	10	557	2	validation	4
#00BFC4	10	558	2	validation	4
#00BFC4	10	559	2	validation	4
#00BFC4	10	560	2	validation	4
#00BFC4	10	561	2	validation	4
#00BFC4	10	562	2	validation	4
#00BFC4	10	563	2	validation	4
#00BFC4	10	564	2	validation	4
#00BFC4	10	565	2	validation	4
#00BFC4	10	566	2	validation	4
#00BFC4	10	567	2	validation	4
#00BFC4	10	568	2	validation	4
#00BFC4	10	569	2	validation	4
#00BFC4	10	570	2	validation	4
#00BFC4	10	571	2	validation	4
#00BFC4	10	572	2	validation	4
#00BFC4	10	573	2	validation	4
#00BFC4	10	574	2	validation	4
#00BFC4	10	575	2	validation	4
#00BFC4	10	576	2	validation	4
#00BFC4	10	577	2	validation	4
#00BFC4	10	578	2	validation	4
#00BFC4	10	579	2	validation	4
#00BFC4	10	580	2	validation	4
#00BFC4	10	581	2	validation	4
#00BFC4	10	582	2	validation	4
#00BFC4	10	583	2	validation	4
#00BFC4	10	584	2	validation	4
#00BFC4	10	585	2	validation	4
#00BFC4	10	586	2	validation	4
#00BFC4	10	587	2	validation	4
#00BFC4	10	588	2	validation	4
#00BFC4	10	589	2	validation	4
#00BFC4	10	590	2	validation	4
#00BFC4	10	591	2	validation	4
#00BFC4	10	592	2	validation	4
#00BFC4	10	593	2	validation	4
#00BFC4	10	594	2	validation	4
#00BFC4	10	595	2	validation	4
#00BFC4	10	596	2	validation	4
#00BFC4	10	597	2	validation	4
#00BFC4	10	598	2	validation	4
#00BFC4	10	599	2	validation	4
#00BFC4	10	600	2	validation	4
#00BFC4	10	601	2	validation	4
#00BFC4	10	602	2	validation	4
#00BFC4	10	603	2	validation	4
#00BFC4	10	604	2	validation	4
#00BFC4	10	605	2	validation	4
#00BFC4	10	606	2	validation	4
#00BFC4	10	607	2	validation	4
#00BFC4	10	608	2	validation	4
#00BFC4	10	609	2	validation	4
#00BFC4	10	610	2	validation	4
#00BFC4	10	611	2	validation	4
#00BFC4	10	612	2	validation	4
#00BFC4	10	613	2	validation	4
#00BFC4	10	614	2	validation	4
#00BFC4	10	615	2	validation	4
#00BFC4	10	616	2	validation	4
#00BFC4	10	617	2	validation	4
#00BFC4	10	618	2	validation	4
#00BFC4	10	619	2	validation	4
#00BFC4	10	620	2	validation	4
#00BFC4	10	621	2	validation	4
#00BFC4	10	622	2	validation	4
#00BFC4	10	623	2	validation	4
#00BFC4	10	624	2	validation	4
#00BFC4	10	625	2	validation	4
#00BFC4	10	626	2	validation	4
#00BFC4	10	627	2	validation	4
#00BFC4	10	628	2	validation	4
#00BFC4	10	629	2	validation	4
#00BFC4	10	630	2	validation	4
#00BFC4	10	631	2	validation	4
#00BFC4	10	632	2	validation	4
#00BFC4	10	633	2	validation	4
#00BFC4	10	634	2	validation	4
#00BFC4	10	635	2	validation	4
#00BFC4	10	636	2	validation	4
#00BFC4	10	637	2	validation	4
#00BFC4	10	638	2	validation	4
#00BFC4	10	639	2	validation	4
#00BFC4	10	640	2	validation	4
#00BFC4	10	641	2	validation	4
#00BFC4	10	642	2	validation	4
#00BFC4	10	643	2	validation	4
#00BFC4	10	644	2	validation	4
#00BFC4	10	645	2	validation	4
#00BFC4	10	646	2	validation	4
#00BFC4	10	647	2	validation	4
#00BFC4	10	648	2	validation	4
#00BFC4	10	649	2	validation	4
#00BFC4	10	650	2	validation	4
#00BFC4	10	651	2	validation	4
#00BFC4	10	652	2	validation	4
#00BFC4	10	653	2	validation	4
#00BFC4	10	654	2	validation	4
#00BFC4	10	655	2	validation	4
#00BFC4	10	656	2	validation	4
#00BFC4	10	657	2	validation	4
#00BFC4	10	658	2	validation	4
#00BFC4	10	659	2	validation	4
#00BFC4	10	660	2	validation	4
#00BFC4	10	661	2	validation	4
#00BFC4	10	662	2	validation	4
#00BFC4	10	663	2	validation	4
#00BFC4	10	664	2	validation	4
#00BFC4	10	665	2	validation	4
#00BFC4	10	666	2	validation	4
#00BFC4	10	667	2	validation	4
#00BFC4	10	668	2	validation	4
#00BFC4	10	669	2	validation	4
#00BFC4	10	670	2	validation	4
#00BFC4	10	671	2	validation	4
#00BFC4	10	672	2	validation	4
#00BFC4	10	673	2	validation	4
#00BFC4	10	674	2	validation	4
#00BFC4	10	675	2	validation	4
#00BFC4	10	676	2	validation	4
#00BFC4	10	677	2	validation	4
#00BFC4	10	678	2	validation	4
#00BFC4	10	679	2	validation	4
#00BFC4	10	680	2	validation	4
#00BFC4	10	681	2	validation	4
#00BFC4	10	682	2	validation	4
#00BFC4	10	683	2	validation	4
#00BFC4	10	684	2	validation	4
#00BFC4	10	685	2	validation	4
#00BFC4	10	686	2	validation	4
#00BFC4	10	687	2	validation	4
#00BFC4	10	688	2	validation	4
#00BFC4	10	689	2	validation	4
#00BFC4	10	690	2	validation	4
#00BFC4	10	691	2	validation	4
#00BFC4	10	692	2	validation	4
#00BFC4	10	693	2	validation	4
#00BFC4	10	694	2	validation	4
#00BFC4	10	695	2	validation	4
#00BFC4	10	696	2	validation	4
#00BFC4	10	697	2	validation	4
#00BFC4	10	698	2	validation	4
#00BFC4	10	699	2	validation	4
#00BFC4	10	700	2	validation	4
#00BFC4	10	701	2	validation	4
#00BFC4	10	702	2	validation	4
#00BFC4	10	703	2	validation	4
#00BFC4	10	704	2	validation	4
#00BFC4	10	705	2	validation	4
#00BFC4	10	706	2	validation	4
#00BFC4	10	707	2	validation	4
#00BFC4	10	708	2	validation	4
#00BFC4	10	709	2	validation	4
#00BFC4	10	710	2	validation	4
#00BFC4	10	711	2	validation	4
#00BFC4	10	712	2	validation	4
#00BFC4	10	713	2	validation	4
#00BFC4	10	714	2	validation	4
#00BFC4	10	715	2	validation	4
#00BFC4	10	716	2	validation	4
#00BFC4	10	717	2	validation	4
#00BFC4	10	718	2	validation	4
#00BFC4	10	719	2	validation	4
#00BFC4	10	720	2	validation	4
#00BFC4	10	721	2	validation	4
#00BFC4	10	722	2	validation	4
#00BFC4	10	723	2	validation	4
#00BFC4	10	724	2	validation	4
#00BFC4	10	725	2	validation	4
#00BFC4	10	726	2	validation	4
#00BFC4	10	727	2	validation	4
#00BFC4	10	728	2	validation	4
#00BFC4	10	729	2	validation	4
#00BFC4	10	730	2	validation	4
#00BFC4	10	731	2	validation	4
#00BFC4	10	732	2	validation	4
#00BFC4	10	733	2	validation	4
#00BFC4	10	734	2	validation	4
#00BFC4	10	735	2	validation	4
#00BFC4	10	736	2	validation	4
#00BFC4	10	737	2	validation	4
#00BFC4	10	738	2	validation	4
#00BFC4	10	739	2	validation	4
#00BFC4	10	740	2	validation	4
#00BFC4	10	741	2	validation	4
#00BFC4	10	742	2	validation	4
#00BFC4	10	743	2	validation	4
#00BFC4	10	744	2	validation	4
#00BFC4	10	745	2	validation	4
#00BFC4	10	746	2	validation	4
#00BFC4	10	747	2	validation	4
#00BFC4	10	748	2	validation	4
#00BFC4	10	749	2	validation	4
#00BFC4	10	750	2	validation	4
#00BFC4	10	751	2	validation	4
#00BFC4	10	752	2	validation	4
#00BFC4	10	753	2	validation	4
#00BFC4	10	754	2	validation	4
#00BFC4	10	755	2	validation	4
#00BFC4	10	756	2	validation	4
#00BFC4	10	757	2	validation	4
#00BFC4	10	758	2	validation	4
#00BFC4	10	759	2	validation	4
#00BFC4	10	760	2	validation	4
#00BFC4	10	761	2	validation	4
#00BFC4	10	762	2	validation	4
#00BFC4	10	763	2	validation	4
#00BFC4	10	764	2	validation	4
#00BFC4	10	765	2	validation	4
#00BFC4	10	766	2	validation	4
#00BFC4	10	767	2	validation	4
#00BFC4	10	768	2	validation	4
#00BFC4	10	769	2	validation	4
#00BFC4	10	770	2	validation	4
#00BFC4	10	771	2	validation	4
#00BFC4	10	772	2	validation	4
#00BFC4	10	773	2	validation	4
#00BFC4	10	774	2	validation	4
#00BFC4	10	775	2	validation	4
#00BFC4	10	776	2	validation	4
#00BFC4	10	777	2	validation	4
#00BFC4	10	778	2	validation	4
#00BFC4	10	779	2	validation	4
#00BFC4	10	780	2	validation	4
#00BFC4	10	781	2	validation	4
#00BFC4	10	782	2	validation	4
#00BFC4	10	783	2	validation	4
#00BFC4	10	784	2	validation	4
#00BFC4	10	785	2	validation	4
#00BFC4	10	786	2	validation	4
#00BFC4	10	787	2	validation	4
#00BFC4	10	788	2	validation	4
#00BFC4	10	789	2	validation	4
#00BFC4	10	790	2	validation	4
#00BFC4	10	791	2	validation	4
#00BFC4	10	792	2	validation	4
#00BFC4	10	793	2	validation	4
#00BFC4	10	794	2	validation	4
#00BFC4	10	795	2	validation	4
#00BFC4	10	796	2	validation	4
#00BFC4	10	797	2	validation	4
#00BFC4	10	798	2	validation	4
#00BFC4	10	799	2	validation	4
#00BFC4	10	800	2	validation	4
#00BFC4	10	801	2	validation	4
#00BFC4	10	802	2	validation	4
#00BFC4	10	803	2	validation	4
#00BFC4	10	804	2	validation	4
#00BFC4	10	805	2	validation	4
#00BFC4	10	806	2	validation	4
#00BFC4	10	807	2	validation	4
#00BFC4	10	808	2	validation	4
#00BFC4	10	809	2	validation	4
#00BFC4	10	810	2	validation	4
#00BFC4	10	811	2	validation	4
#00BFC4	10	812	2	validation	4
#00BFC4	10	813	2	validation	4
#00BFC4	10	814	2	validation	4
#00BFC4	10	815	2	validation	4
#00BFC4	10	816	2	validation	4
#00BFC4	10	817	2	validation	4
#00BFC4	10	818	2	validation	4
#00BFC4	10	819	2	validation	4
#00BFC4	10	820	2	validation	4
#00BFC4	10	821	2	validation	4
#00BFC4	10	822	2	validation	4
#00BFC4	10	823	2	validation	4
#00BFC4	10	824	2	validation	4
#00BFC4	10	825	2	validation	4
#00BFC4	10	826	2	validation	4
#00BFC4	10	827	2	validation	4
#00BFC4	10	828	2	validation	4
#00BFC4	10	829	2	validation	4
#00BFC4	10	830	2	validation	4
#00BFC4	10	831	2	validation	4
#00BFC4	10	832	2	validation	4
#00BFC4	10	833	2	validation	4
#00BFC4	10	834	2	validation	4
#00BFC4	10	835	2	validation	4
#00BFC4	10	836	2	validation	4
#00BFC4	10	837	2	validation	4
#00BFC4	10	838	2	validation	4
#00BFC4	10	839	2	validation	4
#00BFC4	10	840	2	validation	4
#00BFC4	10	841	2	validation	4
#00BFC4	10	842	2	validation	4
#00BFC4	10	843	2	validation	4
#00BFC4	10	844	2	validation	4
#00BFC4	10	845	2	validation	4
#00BFC4	10	846	2	validation	4
#00BFC4	10	847	2	validation	4
#00BFC4	10	848	2	validation	4
#00BFC4	10	849	2	validation	4
#00BFC4	10	850	2	validation	4
#00BFC4	10	851	2	validation	4
#00BFC4	10	852	2	validation	4
#00BFC4	10	853	2	validation	4
#00BFC4	10	854	2	validation	4
#00BFC4	10	855	2	validation	4
#00BFC4	10	856	2	validation	4
#00BFC4	10	857	2	validation	4
#00BFC4	10	858	2	validation	4
#00BFC4	10	859	2	validation	4
#00BFC4	10	860	2	validation	4
#00BFC4	10	861	2	validation	4
#00BFC4	10	862	2	validation	4
#00BFC4	10	863	2	validation	4
#00BFC4	10	864	2	validation	4
#00BFC4	10	865	2	validation	4
#00BFC4	10	866	2	validation	4
#00BFC4	10	867	2	validation	4
#00BFC4	10	868	2	validation	4
#00BFC4	10	869	2	validation	4
#00BFC4	10	870	2	validation	4
#00BFC4	10	871	2	validation	4
#00BFC4	10	872	2	validation	4
#00BFC4	10	873	2	validation	4
#00BFC4	10	874	2	validation	4
#00BFC4	10	875	2	validation	4
#00BFC4	10	876	2	validation	4
#00BFC4	10	877	2	validation	4
#00BFC4	10	878	2	validation	4
#00BFC4	10	879	2	validation	4
#00BFC4	10	880	2	validation	4
#00BFC4	10	881	2	validation	4
#00BFC4	10	882	2	validation	4
#00BFC4	10	883	2	validation	4
#00BFC4	10	884	2	validation	4
#00BFC4	10	885	2	validation	4
#00BFC4	10	886	2	validation	4
#00BFC4	10	887	2	validation	4
#00BFC4	10	888	2	validation	4
#00BFC4	10	889	2	validation	4
#00BFC4	10	890	2	validation	4
#00BFC4	10	891	2	validation	4
#00BFC4	10	892	2	validation	4
#00BFC4	10	893	2	validation	4
#00BFC4	10	894	2	validation	4
#00BFC4	10	895	2	validation	4
#00BFC4	10	896	2	validation	4
#00BFC4	10	897	2	validation	4
#00BFC4	10	898	2	validation	4
#00BFC4	10	899	2	validation	4
#00BFC4	10	900	2	validation	4
#00BFC4	10	901	2	validation	4
#00BFC4	10	902	2	validation	4
#00BFC4	10	903	2	validation	4
#00BFC4	10	904	2	validation	4
#00BFC4	10	905	2	validation	4
#00BFC4	10	906	2	validation	4
#00BFC4	10	907	2	validation	4
#00BFC4	10	908	2	validation	4
#00BFC4	10	909	2	validation	4
#00BFC4	10	910	2	validation	4
#00BFC4	10	911	2	validation	4
#00BFC4	10	912	2	validation	4
#00BFC4	10	913	2	validation	4
#00BFC4	10	914	2	validation	4
#00BFC4	10	915	2	validation	4
#00BFC4	10	916	2	validation	4
#00BFC4	10	917	2	validation	4
#00BFC4	10	918	2	validation	4
#00BFC4	10	919	2	validation	4
#00BFC4	10	920	2	validation	4
#00BFC4	10	921	2	validation	4
#00BFC4	10	922	2	validation	4
#00BFC4	10	923	2	validation	4
#00BFC4	10	924	2	validation	4
#00BFC4	10	925	2	validation	4
#00BFC4	10	926	2	validation	4
#00BFC4	10	927	2	validation	4
#00BFC4	10	928	2	validation	4
#00BFC4	10	929	2	validation	4
#00BFC4	10	930	2	validation	4
#00BFC4	10	931	2	validation	4
#00BFC4	10	932	2	validation	4
#00BFC4	10	933	2	validation	4
#00BFC4	10	934	2	validation	4
#00BFC4	10	935	2	validation	4
#00BFC4	10	936	2	validation	4
#00BFC4	10	937	2	validation	4
#00BFC4	10	938	2	validation	4
#00BFC4	10	939	2	validation	4
#00BFC4	10	940	2	validation	4
#00BFC4	10	941	2	validation	4
#00BFC4	10	942	2	validation	4
#00BFC4	10	943	2	validation	4
#00BFC4	10	944	2	validation	4
#00BFC4	10	945	2	validation	4
#00BFC4	10	946	2	validation	4
#00BFC4	10	947	2	validation	4
#00BFC4	10	948	2	validation	4
#00BFC4	10	949	2	validation	4
#00BFC4	10	950	2	validation	4
#00BFC4	10	951	2	validation	4
#00BFC4	10	952	2	validation	4
#00BFC4	10	953	2	validation	4
#00BFC4	10	954	2	validation	4
#00BFC4	10	955	2	validation	4
#00BFC4	10	956	2	validation	4
#00BFC4	10	957	2	validation	4
#00BFC4	10	958	2	validation	4
#00BFC4	10	959	2	validation	4
#00BFC4	10	960	2	validation	4
#00BFC4	10	961	2	validation	4
#00BFC4	10	962	2	validation	4
#00BFC4	10	963	2	validation	4
#00BFC4	10	964	2	validation	4
#00BFC4	10	965	2	validation	4
#00BFC4	10	966	2	validation	4
#00BFC4	10	967	2	validation	4
#00BFC4	10	968	2	validation	4
#00BFC4	10	969	2	validation	4
#00BFC4	10	970	2	validation	4
#00BFC4	10	971	2	validation	4
#00BFC4	10	972	2	validation	4
#00BFC4	10	973	2	validation	4
#00BFC4	10	974	2	validation	4
#00BFC4	10	975	2	validation	4
#00BFC4	10	976	2	validation	4
#00BFC4	10	977	2	validation	4
#00BFC4	10	978	2	validation	4
#00BFC4	10	979	2	validation	4
#00BFC4	10	980	2	validation	4
#00BFC4	10	981	2	validation	4
#00BFC4	10	982	2	validation	4
#00BFC4	10	983	2	validation	4
#00BFC4	10	984	2	validation	4
#00BFC4	10	985	2	validation	4
#00BFC4	10	986	2	validation	4
#00BFC4	10	987	2	validation	4
#00BFC4	10	988	2	validation	4
#00BFC4	10	989	2	validation	4
#00BFC4	10	990	2	validation	4
#00BFC4	10	991	2	validation	4
#00BFC4	10	992	2	validation	4
#00BFC4	10	993	2	validation	4
#00BFC4	10	994	2	validation	4
#00BFC4	10	995	2	validation	4
#00BFC4	10	996	2	validation	4
#00BFC4	10	997	2	validation	4
#00BFC4	10	998	2	validation	4
#00BFC4	10	999	2	validation	4
#00BFC4	10	1000	2	validation	4
